station,series,date,md5,bytes
3019,location,2025-01-01,734fa8766d4c446a95ca874b4047042d,685
3019,location,2025-01-02,3f36f3d7c3514449f6bb1f0a9511d1bc,646
3019,location,2025-01-03,a7c5a03ff50229e636a776033eec9f95,646
3019,location,2025-01-04,4156eb1033c6d29a67206d3347b54516,676
3019,location,2025-01-05,2b2e941c650dedb091fcf8ac5a47d99a,673
3019,location,2025-01-06,20832038966799973ac946eac519e4b1,655
3019,location,2025-01-07,e9976530e6ba99d7a43193f7e98ca705,659
3019,location,2025-01-08,e49c0f8248f590e8ce753eeb9248e44b,684
3019,location,2025-01-09,0f9b362617c884e2d8e4e40766644085,688
3019,location,2025-01-10,be4a6a120dd0e7e109e2b482febdba55,648
3019,location,2025-01-11,1a11d972f5df2af0bf7c8c759ca7570c,643
3019,location,2025-01-12,e3aa022fa387f7df184bc817be57bde3,631
3019,location,2025-01-13,9d75bf54d4e65576962f31d987f99f7b,481
3019,location,2025-01-14,5a5965ae886ff8861da6cadc79c2563c,654
3019,location,2025-01-15,f96c0b528d16363577ad3d6df0a2c125,672
3019,location,2025-01-16,892f3cfc1620f19f92a52606ecd01776,487
3019,location,2025-01-17,8cfd8138a72d0ead57a8ae54019633de,548
3019,location,2025-01-18,64adec23e7db82f5ca2c5842bb7d5c2d,644
3019,location,2025-01-19,f5f421d61df75e44c1f49246fd4f1257,631
3019,location,2025-01-20,228c241c437e4694e277cd8d45d66a01,698
3019,location,2025-01-21,735574acc98c106039b5f2c9efb41900,669
3019,location,2025-01-22,61e3b756d0eea8bae9db6d68d8fd7fc8,651
3019,location,2025-01-23,9bbbf048571445d28d76a7764f4eda85,669
3019,location,2025-01-24,2e88b5a3dcef79679a1bc110dafaa77d,663
3019,location,2025-01-25,8f2bb1cc50d2effebb4aaf81ad7b1862,679
3019,location,2025-01-26,8d4afc82d2d0d924e0ccc3518c3739eb,663
3019,location,2025-01-27,f1a34a1028705ae34b472f9598737492,668
3019,location,2025-01-28,8ecf4546a9289107814eaba71900adaf,695
3019,location,2025-01-29,7112fb99bbb0c41c71cfa19436fbf797,658
3019,location,2025-01-30,6e85b4a0306d6bdcddd2f1ae02ba4cd4,678
3019,location,2025-01-31,25888e4c8eb6c9334539b46b3c15b953,653
3019,location,2025-02-01,d8e0557df6ca4eb8f2472c8521f522f1,668
3019,location,2025-02-02,d7f0cbe67e1acd9be39994a2dd17e8a1,664
3019,location,2025-02-03,9321ae6280390190b5cf986ac1bd1366,596
3019,location,2025-02-04,604b551a9ed87eb54f1c1602ddf9aff7,700
3019,location,2025-02-05,a3aa26427e9d2b22722810abb5ed8224,697
3019,location,2025-02-06,bc899019f6b7c252a8d010eef690d4aa,673
3019,location,2025-02-07,6ac02fd38b737851583ad0a304244f00,681
3019,location,2025-02-08,a86995f64c9d7e72d6ff1190ae6e53c5,672
3019,location,2025-02-09,86be1ef2a3e28adf27ede11fdf6a3db4,653
3019,location,2025-02-10,7ea47da4d5c7c0517d521ecb55f0c890,636
3019,location,2025-02-11,ff06ddc322baa0478bfdcc3877dbfcba,675
3019,location,2025-02-12,7fcb88d5c5f83e0dd8935bec5f9859d4,553
3019,location,2025-02-13,afed1a61d086cfa83e2578f96642a656,652
3019,location,2025-02-14,765b7744044c8e63b34f9808563c85d3,686
3019,location,2025-02-15,a053e6eb600dd2722c63e0621ce5a64a,689
3019,location,2025-02-16,17c4cf4650c286485bc172c46db9587a,668
3019,location,2025-02-17,be639fd3333ee1603681977bad663074,676
3019,location,2025-02-18,1d9297cbdef6e6274f1ceb6ea1652dde,684
3019,location,2025-02-19,7a91510f3aa223ebd27eb9fd80d4def8,704
3019,location,2025-02-20,f002b1fdf9548b6b8ebeefed09a3a8dc,695
3019,location,2025-02-21,2d31b997c4b6e1a09dfbe5535084dff7,701
3019,location,2025-02-22,1627ab0f92175dec83f4118620ff2efd,679
3019,location,2025-02-23,b7f8b2920d31a587fc59dfce17571e1c,709
3019,location,2025-02-24,d200c4c25c4f37ed5054b2bb3f5f5a67,669
3019,location,2025-02-25,a871fdc2a8a196583f80c02bc02fad4b,332
3019,location,2025-02-26,e5818aa70912f087718dfb21d6a0fc98,313
3019,location,2025-02-27,559af6be4571d8508d602af0b1fede15,333
3019,location,2025-02-28,2af11ed08c2c8d14b90fdac9cc6dd72d,599
3019,location,2025-03-01,98628447504813ec6f7cc3d4e53d26e9,257
3019,location,2025-03-02,72fe7b25860dca4cd3b35404cd6cc8b8,264
3019,location,2025-03-03,067c3fbf656c36ecf1a1f171715da065,244
3019,location,2025-03-04,26dac7bd37513cc62aa42fdf7ee6c732,395
3019,location,2025-03-05,80c4d922f0404d1263572c7540760e5f,692
3019,location,2025-03-06,1518ccc33bc59a4f65f353d13a3abcce,674
3019,location,2025-03-07,e531c15ca6f06969c818e043aa3fa5e0,713
3019,location,2025-03-08,51725ef14a50ed4cbab730375b8fdb87,682
3019,location,2025-03-09,e355ea7207241497d55e9e886ff2e5ae,695
3019,location,2025-03-10,b059fee532091c000e9399785ae9d53f,719
3019,location,2025-03-11,c353dfae3f6ba41d5bff5b51980faa89,661
3019,location,2025-03-12,1bf8e426fb2561b6923a5cdf1738dfc6,688
3019,location,2025-03-13,1e538026a883ca87c3f89bf6ffd4c063,682
3019,location,2025-03-14,d182e269b9bda13f6908d15feaf5b567,691
3019,location,2025-03-15,288552176cfdc5332c2688018776572d,661
3019,location,2025-03-16,40b345098525190db7958006d181c0e9,690
3019,location,2025-03-17,eb43cceb16e37d0b8648a4aa86433447,632
3019,location,2025-03-18,6e9ecedd088b3669b91ee73aada87e28,646
3019,location,2025-03-19,33eeb5c09c4507b7bcea660538a66651,704
3019,location,2025-03-20,ba85ec11a04924557e08afe075c8d4d8,714
3019,location,2025-03-21,32b9d35d59fb2694759f6b7a07c9eaa0,707
3019,location,2025-03-22,9b691057b3793dd8c1bd3b200462500c,654
3019,location,2025-03-23,37b5bef810986a933c604ac078c2f8c6,637
3019,location,2025-03-24,4f2485dd8b75109ed1c38b445d28f7ca,682
3019,location,2025-03-25,d368ace53c735aceb7f49b2ce1be0aa7,586
3019,location,2025-03-26,2ea00c4ca5c1a6e5677fd7df15d14b68,557
3019,location,2025-03-27,f4854142c26d62d5f4de26e8d14925a6,648
3019,location,2025-03-28,9ea13ea2bfc1851e89c4686b8d2ea9e4,672
3019,location,2025-03-29,86f88ee879f0c9bfa7ad6c489a7d7c7b,685
3019,location,2025-03-30,1c97619d79a0fd44774c12fc45a13e2f,666
3019,location,2025-03-31,cc2413c0e277ed6173042839b6646ab7,659
3019,location,2025-04-01,912e5d4d90f33c2f8adde00cad2ad662,650
3019,location,2025-04-02,2468f7e9181727052cef8c33cb6b6ebe,687
3019,location,2025-04-03,da0280250e84d03a43e679c194bc0194,671
3019,location,2025-04-04,092884368a7d26a1a68e635d3d1fc661,692
3019,location,2025-04-05,45171a267111c0784c102a123f94fb46,662
3019,location,2025-04-06,6ef5bce67eb52ae2b61a8a5855fae346,648
3019,location,2025-04-07,0577cc6fef2d86d2e979994179ae05aa,620
3019,location,2025-04-08,d63f83b16147056ed8365854e2787ea0,669
3019,location,2025-04-09,46c528eb1756fac80812a1a241cc42ca,684
3019,location,2025-04-10,5fb5f3cfb8456e6dd4ee4ba1004aa75a,574
3019,location,2025-04-11,ad229de3f3a332ec09acea7b0bf0cd2d,691
3019,location,2025-04-12,a63b4f05065afcd7d570b378489abce5,690
3019,location,2025-04-13,558033b39fdd1013d96d6f2b9d977496,682
3019,location,2025-04-14,65396ce066e224dc3645204b80efb62c,711
3019,location,2025-04-15,3ed93da4901a7f2d99ba426b192a038e,683
3019,location,2025-04-16,d6868cae25f0934fa0ddf85a465a5818,689
3019,location,2025-04-17,9df86702f9aac496a9c7b246f7bd29eb,701
3019,location,2025-04-18,e4e23d0afc7a00e2bbde6e86d1ad80aa,683
3019,location,2025-04-19,2a6076f2ecaa8ec88987e316810266e8,668
3019,location,2025-04-20,b72ecac8d0a8d30f26c3e959d12ad2a6,605
3019,location,2025-04-21,88fdd689a548ce9e95abf648b53480a3,695
3019,location,2025-04-22,e5ab5393ffd9f7d9782a37dc795e528a,429
3019,location,2025-04-23,8407752ca59f7ef9d51cfd06b7495d49,401
3019,location,2025-04-24,72280790efd44b267a38910a302411d3,648
3019,location,2025-04-25,02eca17c74f22c33617705783a294c16,633
3019,location,2025-04-26,d27a81427475af5b2c99b3e190fe679d,632
3019,location,2025-04-27,22df74a93d4c06326f8e00e91b8a9cf1,656
3019,location,2025-04-28,d76ff988c8facc16b1c88f4ffb43e667,678
3019,location,2025-04-29,3cc7ac98966c19210180f64709e8332f,672
3019,location,2025-04-30,0430cfe7c4cb09dc5282f952c40f00fb,659
3019,location,2025-05-01,fbb37bc0a97c00e84742372c4ccd016e,610
3019,location,2025-05-02,c95a556919a56dbf3cbdd742c4ed6f3e,474
3019,location,2025-05-04,39e10ae27e31dbb0f5e6748d093e5ffc,288
3019,location,2025-05-05,b45c721a90a830cdc296b1abeed07675,488
3019,location,2025-05-06,84294945de1f7e6e2487cad783ef7ec2,637
3019,location,2025-05-07,584d75a01b77eb57ffcf30dd4ad258d3,645
3019,location,2025-05-08,e60e2324f6d7f3f8aa82f7078fe175c9,652
3019,location,2025-05-09,3e8d7d0a0ae18881b8f4916cfdd18887,693
3019,location,2025-05-10,ea01a0114d11ce8dd399702252c3f313,568
3019,location,2025-05-11,2fd542328212096480623bc602596529,602
3019,location,2025-05-12,e2078301091dfd96fbbf8913d37a4dec,680
3019,location,2025-05-13,da0412252d0864a51fcf17b5abc32989,689
3019,location,2025-05-14,0d4763e69a5210de528dc79f82fc008c,678
3019,location,2025-05-15,c9b5746e9b94c52e1b07a764a126c6e1,661
3019,location,2025-05-16,5d2c4e4657593708ace825a6382e9409,662
3019,location,2025-05-17,6761069e90ba5009fcac48f3e5bac055,537
3019,location,2025-05-18,42f95d73d374469235ec0b3ade6c762a,649
3019,location,2025-05-19,9770dd631459ef1c98b192268237b064,596
3019,location,2025-05-20,c53b00b083ac97b5a4ea88934770fca5,400
3019,location,2025-05-21,322849d4f828f234d1da2b2533a8ceb6,683
3019,location,2025-05-22,a9470dc12d29d3454673a013085102d8,678
3019,location,2025-05-23,88e3007f713343ef655f59f816ea0f95,653
3019,location,2025-05-24,45b1a34e76ef1bb806aa4098cedbfa6b,667
3019,location,2025-05-25,c59d5a59ce97cfb34bf501a41eba40d4,662
3019,location,2025-05-26,8b018de31e232ab0c92ea13d2fb96187,653
3019,location,2025-05-27,84421d99979a843a8c18b7c37cb25878,673
3019,location,2025-05-28,85d5685de8d869fe26a57236ce374c1a,655
3019,location,2025-05-29,42bbba99ce2ca4be45e9f1899d525164,630
3019,location,2025-05-30,76a284608431204d2e4b3cb591e7342a,649
3019,location,2025-05-31,49cf4a032d6c8bfa040e4c0e1c40faac,645
3019,location,2025-06-01,8c7bc2cbe7f90f75520404b381b565ed,645
3019,location,2025-06-02,62d33f5fee97deb45132cbaa0bc35b45,622
3019,location,2025-06-03,d8ad818bc4fc496b60cb1a6770ecaf93,653
3019,location,2025-06-04,b004571ae4fd9e0049c0a67234b991e8,692
3019,location,2025-06-05,b04a378b9736ef13d8d76ede4db91b90,678
3019,location,2025-06-06,8319536d92331b1d578b9310fea62db4,667
3019,location,2025-06-07,64396c48ea9fb14ab858b4ac069b7b6b,508
3019,location,2025-06-08,48537accd3bd3c9dd92c5a09cf53517b,242
3019,location,2025-06-09,213d94a63cd902988d1095b9d9f785e1,529
3019,location,2025-06-10,6d11d24aa82ce783144a3ae6a2300e26,664
3019,location,2025-06-11,3196610ec8135b3b64cbf0a839cfc984,658
3019,location,2025-06-12,b5eebe26731f470211a77218d92ac810,527
3019,location,2025-06-13,4e71764dc05409c1c3f128114445c3ae,546
3019,location,2025-06-14,ce0703f756c5e873e4db84e4b5e9b047,631
3019,location,2025-06-15,2adb598bafcc75a06d9870754879318b,434
3019,location,2025-06-16,02ae9ee6bef87e1901a626ca0de82ce7,411
3019,location,2025-06-17,b0ce227fa21aa2621f1069ebd0d3713e,304
3019,location,2025-06-18,f06bc5d2b61684416020f5e3442dc859,611
3019,location,2025-06-19,dafcf364aaa5e57a2e0a1bd33c3c006b,421
3019,location,2025-06-20,995443a00bd840aa85e8a7fa6f55e3eb,541
3019,location,2025-06-21,5f22a2fefdc4db300272ef6b3cdba620,613
3019,location,2025-06-22,a9c7f1d1cac03282d1c11cc3e5e39c90,590
3019,location,2025-06-23,fe36e0d1bf9662e3543a8ce19f9f7c20,651
3019,location,2025-06-24,d175f4cf9f76d36d2fe28486b94c5230,597
3019,location,2025-06-25,7be7f0870ae8bd6d4a949959bd926376,670
3019,location,2025-06-26,73bbbd53043ced3ea600fd1e1b83783b,678
3019,location,2025-06-27,6a6e0c49e9b3608b76807da50cdca315,658
3019,location,2025-06-28,e307f7068f0188c8198d3bcf85f4478c,636
3019,location,2025-06-29,ce6d7c6eb0a6089709837ccda641721a,630
3019,location,2025-06-30,ef63e4ee1f69d7df7652ddeec8a39b4e,680
3019,location,2025-07-01,ad8619707c42d1ad419edae1f9e0c7ce,668
3019,location,2025-07-02,29564cafe732d5ae3c326a9a1e75444c,652
3019,location,2025-07-03,75d1f1d45f6fa6782b2a6b7113ad3a4c,671
3019,location,2025-07-04,8cf3901fa08adc6786f6be4365dc4198,648
3019,location,2025-07-05,02a3480dce8202799f65d00ce411cbb2,638
3019,location,2025-07-06,dbc9a90fc4dd0688958b9ad7375a802c,625
3019,location,2025-07-07,e6318ca930efec20d30f7cfba7e522f0,646
3019,location,2025-07-08,93267ef9c1da6edc8be65589275b30a5,648
3019,location,2025-07-09,e8696c441cb3b9da7005e57a2e6e4a3b,653
3019,location,2025-07-10,5126111c1e8903cc32553bad9e54d15e,675
3019,location,2025-07-11,77d7633aaefad221290765013e0b03b0,636
3019,location,2025-07-12,4a8dcb31cdfa0af41d4a51b8ac9325ac,613
3019,location,2025-07-13,ecc39c21be6a04ea2b1dfae878cacef1,637
3019,location,2025-07-14,cd957451ea7e15342dfcc6b24774d61f,647
3019,location,2025-07-15,32cd94b9be6ff34163a1036882dea32d,655
3019,location,2025-07-16,a659111e2b9387e428f895ea491a430f,646
3019,location,2025-07-17,72fb5386fe63e6240e9b66ef2c7d6856,655
3019,location,2025-07-18,5ecc4ed07864eea82f20f7002c01b3d6,655
3019,location,2025-07-19,cbdaa9647f57e070745e2a3ae26b1167,692
3019,location,2025-07-20,1f7b94f167d867b0b4f99c2e7668beda,653
3019,location,2025-07-21,0b9ce5f944bcb33dc75bcf66f7d505f5,669
3019,location,2025-07-22,8a144e12ba8551307b3b6939e27b6490,661
3019,location,2025-07-23,ff0e6b47ffd8439af7e13db2e1521a6e,667
3019,location,2025-07-24,9620f21ccc88b8d642024082344a1ba2,679
3019,location,2025-07-25,ed51690087f20df7c1f48dd40460d175,670
3019,location,2025-07-26,8eb90494b0df8fceabf0bcb67c492895,658
3019,location,2025-07-27,c1c65272535afbff31dbafaf901f7488,678
3019,location,2025-07-28,7fd86b2c744d34ee0edddf216da40899,622
3019,location,2025-07-29,d0429962084992ae1e7091c20593043d,642
3019,location,2025-07-30,fb5bea8215a78b307e3fe6984b0e7fdb,660
3019,location,2025-07-31,a844a45550754338e1157b813258700f,622
3019,location,2025-08-01,79f48256719a067a048b2b95d154d5ed,652
3019,location,2025-08-02,7cfbf881c830cfb55169c5f3a7e65bae,637
3019,location,2025-08-03,b0dca56bb08b9b8a7eed47c737f9b0e5,642
3019,location,2025-08-04,0a3c053fd6f5ba3215120fbaf0bfe21e,655
3019,location,2025-08-05,af7e1c626515fa0e55a81d6dc88c153a,667
3019,location,2025-08-06,b9b659566dc80dc4282a2103ac0dbf71,648
3019,location,2025-08-07,e032b92fe495e5262c9324ecc4ba73a0,674
3019,location,2025-08-08,6a71f7e7e55f51317d7ab5650e3077b5,656
3019,location,2025-08-09,e89b4c020e2c29e66f479ef4a9978009,689
3019,location,2025-08-10,02a687bda787076751e06591a60050f3,669
3019,location,2025-08-11,7a604f7b396a29f70933fbf5ed0be153,673
3019,location,2025-08-12,9f45399eac2542863d7e3353d2596a1a,672
3019,location,2025-08-13,60e03ef2f84eb71e0818910ebecad684,668
3019,location,2025-08-14,d2988d7fb0b2674ff34d7494a0718f44,678
3019,location,2025-08-15,0bf9c87272b785ceb9cbc65afaa59398,673
3019,location,2025-08-16,6e492125150ecec66d2b4784556fcbe9,658
3019,location,2025-08-17,6e278531217294f337b905583bc88a6d,649
3019,location,2025-08-18,4ed038d1d07ce5947b6219f1edc633d4,645
3019,location,2025-08-19,6dda8c2c9f7be8868df39e1d0350919a,674
3019,location,2025-08-20,2b6b2eae1e48c00b9a648f407545e62d,669
3019,location,2025-08-21,8b4cc1555a7ffdeef6337cdcb6935dfe,676
3019,location,2025-08-22,fee5ca82e9ee7dd33e9ab83b03c77d8f,656
3019,location,2025-08-23,d8534c3eafba8f386e17cece0d06bb3f,613
3019,location,2025-08-24,d2904c78a11938a81c4cdd31888e6b1a,616
3019,location,2025-08-25,a7c62b489699135b4022b3796e493226,672
3019,location,2025-08-26,93b0d5602974359500b5ddee07cac2d4,662
3019,location,2025-08-27,929a84138b5924fda8ede7acc898684f,695
3019,location,2025-08-28,afd2a3554378aad4a08ca6408c4f2b2a,683
3019,location,2025-08-29,dd9662c65b564817a39d548e8677593c,693
3019,location,2025-08-30,c97827e0a07458ac82397815c1c54ae3,693
3019,location,2025-08-31,1101f5087177498fb823226a2df3d224,667
3019,location,2025-09-01,e17eebd6a1d71137b0abe3e094aae21a,668
3019,location,2025-09-02,3ec418c343254822c04fcdcd86ec8857,669
3019,location,2025-09-03,994414df7ad23b9b1ab17d419539af7d,681
3019,location,2025-09-04,fdd0982b6ade330643354ffe63eb35bf,688
3019,location,2025-09-05,2a4090a850ae312afc4132afe538a990,676
3019,location,2025-09-06,03dfdf09bce92f5504773abd757badbb,561
3019,location,2025-09-07,72a65a16ebde0b3a2d7c59bb398625fd,661
3019,location,2025-09-08,4f6ee0be37bb6cb5a89401498a0c8a28,677
3019,location,2025-09-09,23302bd3913224bfc87b79c5b205818e,673
3019,location,2025-09-10,a64934cbb0e349588e15a425c391a3b0,681
3019,location,2025-09-11,caf1d02ce9dba35f85951164ea5cf7ef,665
3019,location,2025-09-12,a446a11fed5f1f71754f5b1e0d0296b3,659
3019,location,2025-09-13,be4e6a7f563fd598d5220d2fd21aab52,581
3019,location,2025-09-14,efda5e955e8537ab23278decd86d4f88,627
3019,location,2025-09-15,1b91614ff26d91f4114c0b0c319e9279,675
3019,location,2025-09-16,48e595a14896c340a8f45902015ca135,657
3019,location,2025-09-17,e7bb553b78a115c0687c41503f510852,682
3019,location,2025-09-18,e794611b8745edeeaf9f2a7407071cbe,659
3019,location,2025-09-19,95c901f114da7f19f2aa6302e61f0e11,509
3019,location,2025-09-20,9b4c839e12aa7e26074777e08f3253b2,324
3019,location,2025-09-21,b0f1c7e9bce280a08f64f15dc8bd5dfd,665
3019,location,2025-09-22,139d57e09e30806c62196dea6ad54e0b,648
3019,location,2025-09-23,0a897ec73b841708049a30bca7de3b55,659
3019,location,2025-09-24,b22d2d5ef257f3f3119b3e044a70c749,636
3019,location,2025-09-25,ac1b1ca560ab4b8660466a70f5b84c6e,634
3019,location,2025-09-26,1354512e98c205817fde4818ae04af81,636
3019,location,2025-09-27,4140a1b10fb55bb61c23217d22bcccc7,653
3019,location,2025-09-28,c7194d88f03b3d94711a5a25f674b599,671
3019,location,2025-09-29,bb488a05d66441e1a6887bb52fc79fcd,676
3019,location,2025-09-30,4ca5d2352b5b40d672599e491d64b55d,653
3019,location,2025-10-01,090c697f72ba31fc7f54fab69f56281f,420
3019,location,2025-10-02,b6c92a4f9a92527793e62fbdb704a3b9,553
3019,location,2025-10-03,918e64eb601a676a8f7be036fcb91f25,682
3019,location,2025-10-04,734900bd49ca8ed21fc013a79072888b,663
3019,location,2025-10-05,923140ba661951edd00de355d0977f90,589
3019,location,2025-10-06,bc02c345a90a9c1a1b550a1315bf7a60,482
3019,location,2025-10-07,d6fc0345ebfd70dc1c0c625b2eedc98a,564
3019,location,2025-10-08,c66804533001036b9cf62b945e937213,671
3019,location,2025-10-09,0fb796b9f9469a4fb430d94a7b04031d,676
3019,location,2025-10-10,f9dde52a9b2a52ec3a07ae4a3e437945,656
3019,location,2025-10-11,9093859d76f91772839db766fea3eb20,663
3019,location,2025-10-12,809a944044168b4861631fa26828a49d,613
3019,location,2025-10-13,050679cadb66f25236191a6123da3034,611
3019,location,2025-10-14,e7525060c66bccd729926ec3cf414599,670
3019,location,2025-10-15,03bd6d9bd33e6e9278da63f7da061ce1,508
3019,location,2025-10-16,6d3bbd8d5601acae304a915bf683daa6,558
3019,location,2025-10-17,1be4b0c1993e563c5e4ef7e7d718e0aa,566
3019,location,2025-10-18,f7fdd3771d9719d1d6c5cb012af61dac,611
3019,location,2025-10-19,1a77340661efe7108d3fc6a7a7f23833,678
3019,location,2025-10-20,748485803532f205573a75d15525a5c9,604
3019,location,2025-10-21,824059fe97e9315019582619869d8ef1,658
3019,location,2025-10-22,7e615c7c7f7f9c144c229a8a50d401cd,685
3019,location,2025-10-23,8fdb59c6253d6f227e14821ac9a27077,631
3019,location,2025-10-24,88b3e625b3b73c7d3b4b586918794c52,653
3019,location,2025-10-25,bf146c9d0915b274edc9c7f0a293ba7f,623
3019,location,2025-10-26,b9c40354650e57bc8cb4504298501f94,650
3019,location,2025-10-27,70066c2e69cc1dc4d7395039455752ad,636
3019,location,2025-10-28,6e473dad90ca96911a83383d20d25dcc,643
3019,location,2025-10-29,de0545dee7a160d3018f579f1f9700d9,645
3019,location,2025-10-30,8c09ea3635d5e4e3c8da125d2ab5a58f,643
3019,location,2025-10-31,76b433bac828b422f1509f9a88ba82da,682
3019,location,2025-11-01,6750e1dadc8b5b59c15dc1df38e8c04b,681
3019,location,2025-11-02,db40df040cebfc423a917129987349b1,690
3019,location,2025-11-03,52dc8f0713247f9af4748a0ea87303dc,647
3019,location,2025-11-04,079239b61d5beedd8f268803760f2d14,663
3019,location,2025-11-05,4279ab7d16038bdc6114e56430832c73,666
3019,location,2025-11-06,77538397527740c1d03ff9635f68ba34,650
3019,location,2025-11-07,6f396bdba0aa0a95c0d2acbce39c7a25,616
3019,location,2025-11-08,86374ec112a05853a91099a1fcb0eb1d,684
3019,location,2025-11-09,49a89d13d8d39906e5002728662c52b3,695
3019,location,2025-11-10,4a7581e3353b8bfa3f595ae4cba0cf23,700
3019,location,2025-11-11,2e2b36c4b6e33110216b43449225a664,666
3019,location,2025-11-12,94e3c4ff9abfde0aa00b0efa86928246,665
3019,location,2025-11-13,b460c6a7abc31bb74f8167a98e1f36de,646
3019,location,2025-11-14,da5f542d3251b1b0523fab32b7746c20,643
3019,location,2025-11-15,6be7344a2a06aa4ce9730820013b6aa0,636
3019,location,2025-11-16,1f6f1a11c449bc98165eaf187ee97306,682
3019,location,2025-11-17,7aeaf21936702cccfbb8b34e74cf5c10,638
3019,location,2025-11-18,b29ccc39f59ed502239da1926254225e,668
3019,location,2025-11-19,6c727fbe5f0d5ab2fdaff9a93af7c860,681
3019,location,2025-11-20,6919ee1dd38f996dd2feb803520ec4d8,659
3019,location,2025-11-21,2270110f3a14b842384d6031a23802ee,667
3019,location,2025-11-22,f730fd6f335fa206f61b8e0b60ef1912,687
3019,location,2025-11-23,eade5a42b1ff5963eb0736ec36b483f7,652
3019,location,2025-11-24,5f95270d1271f6867e9327ef97973475,683
3019,location,2025-11-25,4db975bb5e6cf8caca48ef1f30649cb2,594
3019,location,2025-11-26,b05dedadcd40dffe07bc364808e612b7,602
3019,location,2025-11-27,3c50071e7612c0ab5def88cf851212b6,568
3019,location,2025-11-28,3fdf5a284eecbc9092e88f3a67622411,344
3019,location,2025-11-29,a062e46f3f64e1781dacf75617bd7f9e,248
3019,location,2025-11-30,3f8d605df5099f49fe2298f5bd8ce5b9,263
3019,location,2025-12-01,f4470d8f39169e5b004f6e70f687b901,538
3019,location,2025-12-02,fcdd3554c4935f3777c009df35aabe80,589
3019,location,2025-12-03,32a3f736c3718ff554b71611b688ffca,661
3019,location,2025-12-04,883e101609b0076cd442db69106b2aba,636
3019,location,2025-12-05,fedc9bac7c8f8a905ad3a0e938de097f,688
3019,location,2025-12-06,728d1685d9fdf71807cbbee18d678eb4,649
3019,location,2025-12-07,c6443e6ea23a7625a0a747daaa9fbea3,693
3019,location,2025-12-08,8b4ae4f1f4456ff23a2b061e864a1792,679
3019,location,2025-12-09,5eb808d76633f13b8d8c4bae8109808b,684
3019,location,2025-12-10,72b683ab27ae68a628a21fa389bfcd83,653
3019,location,2025-12-11,5240e2a03e19b5cc149435406c8aa107,660
3019,location,2025-12-12,68a84b57c1e32d6a24786c63cd8e33e9,641
3019,location,2025-12-13,c990f9ed483fb8a10e2a9c145c25a5e9,635
3019,location,2025-12-14,453117b1d1c361cdf91b48b67e4f36c7,631
3019,location,2025-12-15,3c6ef01d00386148593113ce3924ee35,669
3019,location,2025-12-16,c23cf9c0559ae9e3b2e6138676a4f893,659
3019,location,2025-12-17,59f956eafb729270c4e3b5b5a040a8b8,680
3019,location,2025-12-18,4ebab3b766d27d1bd172ea0ec3b94e7f,642
3019,location,2025-12-19,4d016324931480d7ffacdb855251699e,655
3019,location,2025-12-20,b2404c219ce7305f05d874c25bb47072,692
3019,location,2025-12-21,05327a5d65177c8a62d7ee01751c706c,655
3019,location,2025-12-22,f3f0f1631bed1e3428b1331fbb6f941b,664
3019,location,2025-12-23,6775c42ce47ba9c8121bf8728be71c0c,667
3019,location,2025-12-24,a3b2065be24c73a4e4de80955243692a,653
3019,location,2025-12-25,f30a22d1c87363900360de3024c58809,650
3019,location,2025-12-26,3f80f7418209e677d3ab6a76f550990e,686
3019,location,2025-12-27,fbdceee7618745f01854b4bee4489e59,660
3019,location,2025-12-28,1a286ee0252271148b963a1008313f1e,659
3019,location,2025-12-29,61998eadf53d6c7f2b9900f2b75867c8,667
3019,location,2025-12-30,8f80bd4ccfd0465bb7a243e298b43257,587
3019,location,2025-12-31,743e9d2597aaaa21a8ecb7f5b9d2e4d1,675
3019,location,2026-01-01,83d4c32dfbfafba80c494e823d0820f7,615
3019,location,2026-01-02,8c0023f5b115cfc88d59e6157da21092,618
3019,location,2026-01-03,e424d0a8ee7a5937cf8f8fd2c7f60ddd,638
3019,location,2026-01-04,5b4fd98a8bf684da95c25d476f74404c,630
3019,location,2026-01-05,d1c4b305250bc6e21fcb433fc64b884e,634
3019,location,2026-01-06,c17b6f8eb6a08321c603047a6e875d7e,680
3019,location,2026-01-07,3addb0442a55a2736f18990e53984de1,459
3019,location,2026-01-08,40fb00e1d31c4d30fe2aaa1262aea3e8,428
3019,location,2026-01-09,9eb5b1117e6d488695a3aba05503a0f5,590
3019,location,2026-01-10,095402081d48b5fa5291baa2d7128b2d,653
3019,location,2026-01-11,90f98ac311319ddf43a87e215b2c6927,659
3019,location,2026-01-12,c6f97000e8a3557da2e268f7cf28b7b8,627
3019,location,2026-01-13,0e8f06f113b5d85933a5be650567d79f,676
3019,location,2026-01-14,d66c96d4aaeedbf2b37c0428cad4f7a8,638
3019,location,2026-01-15,3e3313336f98046305855e9ad9a55454,571
3019,location,2026-01-16,34b1ae9ef0f44710bd57cb3fd3838dc2,627
3019,location,2026-01-17,d095d5d3180b143f42401a9aff65b0a8,558
3019,location,2026-01-18,a7fc7781b8dde6615626e39ba27c06c3,674
3019,location,2026-01-19,8ef41403d39bb3b3b999a40f0dbe71f2,622
3019,location,2026-01-20,58756bf104e9637a6130c53ea71b4426,625
3019,location,2026-01-21,213ad8e4a6d3a6dba3d8f4d6e6c02852,640
3019,location,2026-01-22,9a10d160867aa59d985e54963b7ac9c2,692
3019,location,2026-01-23,efbbf2cd4aee1a54c45bd31df2a688f9,701
3019,location,2026-01-24,413db7c4152fee736c0b15fa75220a96,609
3019,location,2026-01-25,5eac30c290ae82962d5ecc6f9f94ad7f,678
3019,location,2026-01-26,1a7fad03337f7379ebdbf0e8f30a5462,685
3019,location,2026-01-27,30186ff2bb0f7a6452d1f2bf66745e78,609
3019,location,2026-01-28,8c2e56046a3fd0ba306bd003b29d9e3e,614
3019,location,2026-01-29,a91e41cad46f7690f70edee91aa15d2c,659
3019,location,2026-01-30,1070042faf156e8ae736abb920a5ed3e,684
3019,location,2026-01-31,d2b799bca2b4683c28aab3ce0a1d1ae1,658
3019,location,2026-02-01,84b367c993599493a022ef5bf4c08224,640
3019,location,2026-02-02,ed7493c85bf800fe1cdbb323a3f0648d,642
3019,location,2026-02-03,fbe8767eb03a10d6c809418a1f35b09f,648
3019,location,2026-02-04,374154d322da1df2fdfa4dda6dbb22a7,695
3019,location,2026-02-05,c8452a9caedd3cb3a6620cb783cb9a28,679
3019,location,2026-02-06,a4d07c0ed206fe3fec4fa9b040368cbe,659
3019,location,2026-02-07,70e1418ec66919ad06ece558091e95a7,678
3019,location,2026-02-08,a8ff8161667c2a76e254bdda48c542be,649
3019,location,2026-02-09,f66ab4642134947f588c3b690483f2e9,672
3019,location,2026-02-10,6966f484ce6b68ffd1aae49f9adddf86,688
3019,location,2026-02-11,86b6a9b21d8eb7fc386b925a59a28679,589
3019,location,2026-02-12,4ddd48d1a8e501b94aed3753d9e480e8,688
3019,location,2026-02-13,719e657920f2709b7027ef05ce9e1fac,658
3019,location,2026-02-14,2d79b95b1c418cafc9de55f41bbc7222,571
3019,location,2026-02-15,d293d3ef0678d23582f5529dfe3ecae8,631
3019,location,2026-02-16,2ff5e6ebcf9a1e1a99c224168eb62aa3,665
3019,location,2026-02-17,622e3440af353469aba490d1d73bfca9,705
3019,location,2026-02-18,a69986bf555ca69c89a1e1c13441d6c4,614
3019,location,2026-02-19,f2ba307b2a4abe168fb509dac4d259a3,546
3019,location,2026-02-20,96bf569ff4ba769ef4e2ab224f0c4506,571
3019,location,2026-02-21,3f5c6d5752aca54d5af45903df20059a,654
3019,location,2026-02-22,e1fd94af9798ed72611c1a67401bf638,668
3019,location,2026-02-23,4310b4611616275de6e5d7dd33862a2a,671
3019,location,2026-02-24,91a3905cce1a1993b5efc9dbbf50339d,662
3019,location,2026-02-25,9e41f42932f8b6d45c32a70ee399295f,655
3019,location,2026-02-26,8989da5875b59d89d830ec3a10271bbf,686
3019,location,2026-02-27,4882166673ccb2c0aa2946545ddb1790,593
3019,location,2026-02-28,6eb0bfbc144b42a43cb56f0fc2829108,660
3019,location,2026-03-01,57eac161f1214d549143f6d55eff88e3,671
3019,location,2026-03-02,837224ae30d3dc5c78d89d1dc5942c34,703
3019,location,2026-03-03,9c3e56f2dad2c76c1a937e5bcd58de94,647
3019,location,2026-03-04,23f685e86a0a9793ccd8b779cc278ee6,706
3019,location,2026-03-05,b6e9904986c8798f7414f95cc5fa845b,703
3019,location,2026-03-06,9ae4e749ed047e1938e4fd7611bc1d90,693
3019,location,2026-03-07,097556e476fd4b98fb3b59c6330c058c,664
3019,location,2026-03-08,8569ecdd349b37865833f9e5df095cdb,646
3019,location,2026-03-09,49cd4a35d25261fea789d6b999545016,696
3019,location,2026-03-10,f0a75fa292462deaf4c245bb5cc1d806,707
3019,location,2026-03-11,71df6b61bc549b7df9c719c083770cb9,711
3019,location,2026-03-12,9d856c451ea178413c9e1749aff73472,669
3019,location,2026-03-13,0337f3b4d06665497683841403187658,662
3019,location,2026-03-14,8341c4d3e2b8b09fcae873be70c1a9ab,667
3019,location,2026-03-15,a64236569dfca4d783be410fe0da6232,663
3019,location,2026-03-16,7fcce511b5ffd22f0ed951d3e92daa40,661
3019,location,2026-03-17,9f343c5e08c689eb127cf3b6173529c0,670
3019,location,2026-03-18,e7503b4a361d198dbac933953f302330,667
3019,location,2026-03-19,d96e20dd1ac14c51f8f5c7afb6f72f1b,690
3019,location,2026-03-20,50de1daccadf0d60741e526c23caefa4,675
3019,location,2026-03-21,45f8e0604d0bbc87aafd192214b04664,696
3019,location,2026-03-22,09849bd36dc14b15f855d1054dfb3a0b,675
3019,location,2026-03-23,9d77714f4295e605047d014914da265f,687
3019,location,2026-03-24,136df78b93bfa1ed475e1ace95de767f,644
3019,location,2026-03-25,c873e14c24686aee265bea93a05e6770,674
3019,location,2026-03-26,e1ca9218c4723b3daf594fc945c61b2f,632
3019,location,2026-03-27,6ffcbb9256dee4abd6e71b06915230ba,658
3019,location,2026-03-28,ab680f3b91ed1d45ab1d229b65bc8392,688
3019,location,2026-03-29,e371b7b069f8957b34baa722b8b86045,670
3019,location,2026-03-30,3138e0a2e2ea6832e986a8647531588d,651
3019,location,2026-03-31,7de58eb77f4a1a78479daccb26d73c00,696
3019,location,2026-04-01,e5e6ee52958cf57c5fc145a897dfe26d,675
3019,location,2026-04-02,de0aabd0495df605269edc911da64e9f,682
3019,location,2026-04-03,1c6d8695f4722a7826e8922385990c88,674
3019,location,2026-04-04,794a225f5e44b8a267a024c5f9fecdec,533
3019,location,2026-04-05,a4a229fb99c75860bdb8d624828a9615,672
3019,location,2026-04-06,535b0a4c32fcd2d3205757f98aa79d9d,644
3019,location,2026-04-07,84a0535f5a1fa84cde53690eec181b1a,667
3019,location,2026-04-08,644b341990f225617ba78192990de207,631
3019,location,2026-04-09,1d85fae15d18199443d39f0b0e480729,688
3019,location,2026-04-10,1dca775b1537640fa799917596ff3131,673
3019,location,2026-04-11,c9a735466befae3fe0b3404cdb417a1c,552
3019,location,2026-04-12,1fb7990d0aca41186f69f7d3e6fe0838,665
3019,location,2026-04-13,2357896cf10a98f67e85278af2509284,676
3019,location,2026-04-14,66166a655cfcbda21345be4aba346eff,687
3019,location,2026-04-15,16eb7d163a3add554f3a320ddf905bae,692
3019,location,2026-04-16,f067fe0a35e31f041fc54e6a598bd339,651
3019,location,2026-04-17,0f52a2240255468b243dba93da960177,686
3019,location,2026-04-18,08b0dbb16b204c01a1dd17d54d43abed,661
3019,location,2026-04-19,ad8686e32db2acd0f751b63b803c411e,670
3019,location,2026-04-20,343b5d6d5bd1e900cdf7e9c851662a29,663
3019,location,2026-04-21,23ab31100c406419c05133a4c8ffe911,662
3019,location,2026-04-22,793b1a72a1c798ff291d7e4f8b685d26,628
3019,location,2026-04-23,1d2856184d0932081a2d8ff9e1a6aad2,680
3019,location,2026-04-24,971efe1d5b9de7dba74347ce16af986d,661
3019,location,2026-04-25,0c502478fd4acb198e01e1647669148d,659
3019,location,2026-04-26,4787a24120c8a6c1ef35b5e8ecffb498,360
3019,location,2026-04-27,a6f0006a51f27c05f505a3ed304e06d3,662
3019,location,2026-04-28,a4b3e2bb1b1a3899b621f5fb61fb63a2,573
3019,location,2026-04-29,e33b421eb9dccbec0bc10a5f5a18b8bf,652
3019,location,2026-04-30,137f4601392c2f09de23e0b3b0c6d1fc,685
3019,location,2026-05-01,aab9619ac7bad16d0c010c27cc4c0f05,673
3019,location,2026-05-02,fd198eca0b3503020f769171f6876f69,708
3019,location,2026-05-03,6cb63ae34b7cdf3cb667c56e69a90204,700
3019,location,2026-05-04,7c8aa9be12addc5d5b62edb33ef19f7e,621
3019,location,2026-05-05,fca9d2ae58de45238410377d803eadca,686
3019,location,2026-05-06,1eb063b4e809acb9c70b263b94412307,671
3019,location,2026-05-07,5eab4b3e9c94ee283a2e58d5d247e0ce,654
3019,location,2026-05-08,daa53aa71083d0097b04c58aacfa3b5c,665
3019,location,2026-05-09,e803664d9b64900f8b29ef65417f2310,652
3019,location,2026-05-10,dd5d3e0e77c3d68e30bcb642c8ea78e1,667
3019,location,2026-05-11,383c66c3a824d5bc68c451e274cb70e1,678
3019,location,2026-05-12,dc7604e8a854c9c51ff0a9e411e67177,652
3019,location,2026-05-13,499fed1431e01ff696bcdc586b34cb5e,679
3019,location,2026-05-14,b81b964f04c09efe9eebf5a7940690bd,629
3019,location,2026-05-15,039365043a6ca1ea3879a96f341026b7,660
3019,location,2026-05-16,faf4e640d47efba365084e7cbb7ac715,658
3019,location,2026-05-17,06dad3c58678a0f83a40e0975dc4cfab,672
3019,location,2026-05-18,3ac6d742ca5ef585c5ac58be0d7588f9,669
3019,location,2026-05-19,39a038193f3c7147babf6c620ac33ae9,666
3019,location,2026-05-20,3fd4b9272ba7704428ee4cc067f36c0a,688
3019,location,2026-05-21,f3b7bc1fe75dc1da04ce236cd0d22cee,680
3019,location,2026-05-22,375d89797eeb18f6cb4f0b6b02f7ccd6,667
3019,location,2026-05-23,a444e60f361b30d20d43cf863c71fbca,654
3019,location,2026-05-24,9b0d39777b0d88e197467638c11b7f7c,668
3019,location,2026-05-25,49703207001f08051ecbce796f33e375,475
3019,location,2026-05-26,1ee0a58b8ce78f0f8bff41f837719386,553
3019,location,2026-05-27,e29288bcd682a1324a8de1744fec2b73,644
3019,location,2026-05-28,8a5575f0ce93af4ed9802876b1629f36,644
3019,location,2026-05-29,9aa6f27ce1d2a0d09416c85421107a9e,692
3019,location,2026-05-30,540e94f669111bcc1c8488069e71b00c,529
3019,location,2026-05-31,e8a13337746fd4c49f4c04e2721eebd5,645
3019,location,2026-06-01,4ed0e9c56b0ca0dc499e63f2c8752169,651
3019,location,2026-06-02,698620b535ca44b6bc41fe8e87a9cf6e,670
3019,location,2026-06-03,7187037843f59bafb456b444b53941f5,626
3019,location,2026-06-04,f0acadc8907f196c11773490ee10ff3e,636
3019,location,2026-06-05,a0a7cb4b70a4c6e1a8dc8b40bc959c13,626
3019,location,2026-06-06,396e5111a7cb3b82435899be3008d0f0,629
3019,location,2026-06-07,1297f786177e1ed1db599746df5634ad,640
3019,location,2026-06-08,a6e98a9ffcffe70a949079653720ddcd,527
3019,location,2026-06-09,74c9b5570954afdd0f2a66521201eeb5,474
3019,location,2026-06-10,fd3e4a4966c859aa0d288819d76c430c,418
3019,location,2026-06-11,5a66d913f50e0f52c47da25e8366c1ca,664
3019,location,2026-06-12,da66676480a72bb175129f5ae3e03586,560
3019,location,2026-06-13,0ec8773fa2ff2ba7f195ac789aeccbdf,466
3019,location,2026-06-14,750f5c39451229d064da3caec00e8834,639
3019,location,2026-06-15,3aaeb10bbf27a4b784b347226199c116,614
3019,location,2026-06-16,4c25b817f2364c3b254512f6802f2ab2,650
3019,location,2026-06-17,a55548353d0884dcbc63e9d3c99c15ac,653
3019,location,2026-06-18,6b92e9d4ae45eaaee3f5a10c2ebba057,673
3019,location,2026-06-19,7273f2eca3e38aa645f19ae417c26214,647
3019,location,2026-06-20,f67b5852ba34e1a879ff47f1c0f27c93,618
3019,location,2026-06-21,b4f18f70855e5b3db4206a0a9a56ea2b,683
3019,location,2026-06-22,c162a29b85059718e72208a3b923bfd1,657
3019,location,2026-06-23,b1c3293548503c2592b2c68d37f2c0d4,594
3019,location,2026-06-24,718d5ffdf9f1c9eb1b44c2fc568abe3a,674
3019,location,2026-06-25,044977e7411c48c70fc9da5e76fb5a49,688
3019,location,2026-06-26,d3f4b46a4589121cff510726cd3b9e17,635
3019,location,2026-06-27,1ed624d2f71fe30ff193325ff2f70189,688
3019,location,2026-06-28,0ec32817a6751197272e62c728ecaab8,674
3019,location,2026-06-29,76d95bd89f792f02dc6deeed6d7f5a3a,654
3019,location,2026-06-30,4d3f4006c0a9f0ef6ade6967bc1e4a83,653
3019,location,2026-07-01,aef289d7c58fa9cf6f2fe17905ccd7d9,661
3019,location,2026-07-02,b61ad9c57479c857de8611a42dab3921,684
3019,location,2026-07-03,aac07caeea5032a8df32dcda92100d86,661
3019,location,2026-07-04,a9f2e301687ea5fe0237c3fc447d6cb3,641
3019,location,2026-07-05,f3c1f22dbade93b3cd5b6847c14d89d9,646
3019,location,2026-07-06,1ff88396a3a92aa3b2899b55e035b9d7,664
3019,location,2026-07-07,098730c52e49f211802bd900cb49db26,667
3019,location,2026-07-08,f0949b7c0ed2f2f345b2e6f55f082484,645
3019,location,2026-07-09,c1fe9048b34dacec005f21a3140e810a,662
3019,location,2026-07-10,a88ffdf91b743496c7d34f3cc404563b,659
3019,location,2026-07-11,01c9ea163c15e538264a3857ba8cd415,588
3019,location,2026-07-12,f7bfc9e992aeb34851bfd684121cfdc3,429
3019,location,2026-07-13,3e25f972c2b872b8e3cf3295bc102d84,667
3019,location,2026-07-14,ec956b553fee1eff2a959ff8119a5a46,672
3019,location,2026-07-15,2fe8ec6bffac919848fba370602bc463,644
3019,location,2026-07-16,7cf76d7c8641b0367e8490be521b5688,610
3019,location,2026-07-17,3b743a403eb2a1aa7dfdb578b926bbe4,642
3019,location,2026-07-18,b1278476e88f47fca0a37193464d5d78,643
3019,location,2026-07-19,fd8c3730839749cbc7c1cf658f44c6d0,435
3019,location,2026-07-20,25639a3f4cceb24a5229ee755feeab55,584
3019,location,2026-07-21,f17ae66b84c1b85a3f9f904762a27f1d,656
3019,location,2026-07-22,641ff05a4d06b4607fda2c01e8822408,456
3019,location,2026-07-23,34bf280ca0f9cca56bef3c5181fe657d,670
3019,location,2026-07-24,35f3333235cd7a958540e5548a67b6a8,650
3019,location,2026-07-25,9b7f9322a76ca4ce8bf595e5e5525ad7,679
3019,location,2026-07-26,45dd0fe079f5e5f82aeed3da65708807,675
3019,location,2026-07-27,08f742ac10d72a5a745081c7c08f0c4c,656
3019,location,2026-07-28,4a3d7364babd7764ac1014435d9f3eaf,596
3019,location,2026-07-29,5244b23919029b974ecead83b8e7f1a4,663
3019,location,2026-07-30,b52115e732c9227b7e5da8438ec68990,682
3019,location,2026-07-31,5fb1366c35aac0b4271e7ff70a99ac7f,669
3019,location,2026-08-01,03954232674504370e5bf91b6da21999,620
3019,location,2026-08-02,08400931c6ad6391265d0f8ac7e02fca,470
3019,location,2026-08-03,7f80f6aba90dac41f2ecc7ef6d5b4cec,663
3019,location,2026-08-04,12b5a07085fa9f283003b92374bfe100,679
3019,location,2026-08-05,9c85d7af4413e686470a3ba796e206fc,648
3019,location,2026-08-06,4d46371ceafaea9eae89f6c7e3463148,627
3019,location,2026-08-07,700ba2e944ab34995b7fca6b1f964e57,652
3019,location,2026-08-08,83a3889f3482fee026709d94f2b1d594,650
3019,location,2026-08-09,2d6f269b58139df06798f05a0e846cc9,640
3019,location,2026-08-10,1dffe31df7cb06a0dd077c628188eafa,601
3019,location,2026-08-11,6aaba55cc67064ee2e9e55eddaf05e91,644
3019,location,2026-08-12,1542553280aa252176a0f978b1c07c94,658
3019,location,2026-08-13,399f687fc378740529088512ee112ae3,653
3019,location,2026-08-14,72317b63a70cccb43cc4c6f8b5d7977d,595
3019,location,2026-08-24,5f90e4cdf53cd2cb479eacb0fdddb6ce,354
3019,location,2026-08-25,978fd3f67ce5244b409d704edf38e022,418
3019,location,2026-08-26,a9fc5e78e39a40058fe86a34d7f1f368,307
3019,location,2026-08-27,399dec2f1326e2c8bc3465b405de70a1,309
3019,location,2026-08-28,4f6fc4e62f3ad672afeb2f8edca699f9,568
3019,location,2026-08-29,990fd5fc661fc0d40ed903d74b90814b,636
3019,location,2026-08-30,9f72fb48ccba8546c6f15ee78acf3b21,354
3019,location,2026-08-31,4f2c58326307cd88f39a6494f95eabb3,667
3019,location,2026-09-01,8a4ee48c5ee4b360be1eed3c71b34b0a,645
3019,location,2026-09-02,1762d9aa6f272e419feacc7bebf9ae80,672
3019,location,2026-09-03,735622eb1a246f7ecff0834fe54b538e,671
3019,location,2026-09-04,951f8dbcaaaa8ec9d99991b1f27593f6,668
3019,location,2026-09-05,9c5b1de422377bcf595170fbdbae44df,662
3019,location,2026-09-06,6071a1c83287470a526fb7ec6af287b0,657
3019,location,2026-09-07,4b6ff3f8f7b2d42cb7351f98aa584a29,656
3019,location,2026-09-08,bad184d337557a5855b3bc2920e7c88f,651
3019,location,2026-09-09,9fb71a31338bdf118193c918149487ba,658
3019,location,2026-09-10,4f7afdb45848d4fcef7384d7965ece1f,649
3019,location,2026-09-11,210a9981bf55a12ce5868113a1af705c,486
3019,location,2026-09-14,a3fd19c87f240bb6ea1e36cef9cdda36,242
3019,location,2026-09-15,ef4863c808f51665f6542ad6c4277515,419
3019,location,2026-09-16,84432280d1d86fc5ca607767321383ca,421
3019,location,2026-09-17,137aea358e1d747d826622c24639b6f5,419
3019,location,2026-09-18,25f221f17a0fa94328aea42c114e4517,412
3019,location,2026-09-20,ec7711f0df48bcd9870a69db6e8acaa3,399
3019,location,2026-09-21,43acf88133dfcc5713556dbcb9d6c421,509
3019,location,2026-09-22,6651abbece674484c05ef554c4e9a711,353
3019,location,2026-09-23,ec10322c3b87211cae6351aed8ffa1a0,611
3019,location,2026-09-24,f0dcdeb740adb991a4656c2e268349d4,670
3019,location,2026-09-25,f32f5f681789b185d3c8da7f4b3f249d,671
3019,location,2026-09-26,eb09b1e1214772460d1c2057432f11f8,614
3019,location,2026-09-28,5471795e6288c82812764bad048a7579,440
3019,location,2026-09-29,10f5f2e8edf04cca70fb4d73c8c2f442,674
3019,location,2026-09-30,0820e87430c6aaffbe0ce6b40a1f1ce8,637
4520,location,2025-01-01,a33baaa098275c662ac786f59a8cfb28,807
4520,location,2025-01-02,44435c3f1c4f7997575fcf6745025615,800
4520,location,2025-01-03,ce18bb7e9d7a6877813ecaa986b2a2ba,820
4520,location,2025-01-04,675203f35fbb42172d6152775f9c7696,811
4520,location,2025-01-05,91afde874cadefe2d9a1d653cbfa90fd,789
4520,location,2025-01-06,4d060385c78fb07cd376ef4d06fa1da1,829
4520,location,2025-01-07,b7efcab5be0fc1b628e2d6025a9ba984,833
4520,location,2025-01-08,e10254e2187f53ec46b564eb636394d2,819
4520,location,2025-01-09,63dc4ac108a7305daf241a1fb626b9f6,747
4520,location,2025-01-10,41769fd402a8df6045f985a9941fbf17,740
4520,location,2025-01-11,e00e1098fba57d24bef3fd4ee30d4c1c,776
4520,location,2025-01-12,6f93c9afdb2fd4476ba2dce40612372b,772
4520,location,2025-01-13,84e44337cbb8569d679e7a187ff1bef6,561
4520,location,2025-01-14,e1ceef9b91fa2bcc2579faeb3940db57,578
4520,location,2025-01-15,093dd32fdf8faa5a67df366bb2749ae2,595
4520,location,2025-01-16,00cc7c5681f0b68952eb5c8a6b7264b7,500
4520,location,2025-01-17,b95b112a892aa4d6ca626e26b59f99c6,680
4520,location,2025-01-18,a9c26c3b5325999227a90eb6491d95df,685
4520,location,2025-01-19,4c790a38f6a7bcc8e78ff84401ac1d69,723
4520,location,2025-01-20,3b086566a1583be313ece9b8293f6edb,775
4520,location,2025-01-21,7337c850d2e13a4c07147ba7fba3fea0,734
4520,location,2025-01-22,ff21fecb13287472a30c711f94f471dd,780
4520,location,2025-01-23,63633ff45e868fe4a1ac23e231111c35,801
4520,location,2025-01-24,b74e9b0ed54626147c70387d3c820546,811
4520,location,2025-01-25,bf42f092811fdd2a11d6173eb7d00cc4,810
4520,location,2025-01-26,16e23d225249f3acce28da414dd3d8ef,806
4520,location,2025-01-27,3a02bcd33c2462f11e76f9b7f4d0fc31,779
4520,location,2025-01-28,a1a68aa5cbd7fedbb37c4ec21fc9eb83,786
4520,location,2025-01-29,fd7f08ffa25cda509f3932fd348def7a,807
4520,location,2025-01-30,32a5251861c4af3ed6d2b2f19d06f129,787
4520,location,2025-01-31,3f1fa4c82af0add401de4375d80f4830,793
4520,location,2025-02-01,a0bc9496282be142fab3ab87cd929c29,805
4520,location,2025-02-02,6cda388908024e77e15a8ce335f18a97,780
4520,location,2025-02-03,bb47b45ab412e4860baee5e4bd4c6315,661
4520,location,2025-02-04,6e7ec529b740d48e8c9559385abb529e,810
4520,location,2025-02-05,da0eceecd1c9813a6ebb89ec30e6203d,776
4520,location,2025-02-06,0eada48d2f6f0d345dcec2eceaad612b,773
4520,location,2025-02-07,5e79ba1426a87f0b82039a61ff634ba5,819
4520,location,2025-02-08,9021def8204543f9a2a370263e58111f,779
4520,location,2025-02-09,56dff2ee36d2aadd1bdcf60bab7449c9,786
4520,location,2025-02-10,af02e6403613d474721cb451f53936de,823
4520,location,2025-02-11,6a430bb7cc344a6b145b0066c77b0c19,794
4520,location,2025-02-12,d81dbacebbc9d9ecd091e0a71153a185,579
4520,location,2025-02-13,d34bd136f1666e8768ac47b9e1875170,781
4520,location,2025-02-14,9059ba19dbf9e0ab5c5317a5ed45d616,806
4520,location,2025-02-15,495e1dfa602ad43bf1976602c7be589b,795
4520,location,2025-02-16,a1a67ae61762173fdd9492eace3ccfff,804
4520,location,2025-02-17,348646b80bf3f83464f01fe8a4cce3c0,812
4520,location,2025-02-18,963fc5a583a52745034f9de659a024a9,812
4520,location,2025-02-19,f07da2027f7617111ace3f3468a303ec,730
4520,location,2025-02-20,8fbe044923f500384a2608c926717d90,771
4520,location,2025-02-21,faa7bfd3de5f827cb3f3084d1f741d2d,788
4520,location,2025-02-22,44459b18160fdbb15e3a398ba1f20113,797
4520,location,2025-02-23,ef77b7a9c45e57916f5fb57c15442c77,793
4520,location,2025-02-24,fce5ce297f1c0c4560b4b0de1597bc1b,809
4520,location,2025-02-25,a0b94560bf1415a4d2594c13bdc67eb3,364
4520,location,2025-02-26,4f1813532e6a361e09ec2dbaa01ea7b0,368
4520,location,2025-02-27,055abfe29bd332191b0aafe116e07d7e,367
4520,location,2025-02-28,cb6e0222f2ce46505c623b95d8174d65,636
4520,location,2025-03-01,a18e82b1c95d441e629f5b1cb8017383,241
4520,location,2025-03-02,75be67089de291a6dfc588e5b1b51845,283
4520,location,2025-03-03,b3e195ef7772f569857a5f7af6dee1bb,259
4520,location,2025-03-04,a35f1fc426a3dfa6021d17bf3ea44615,490
4520,location,2025-03-05,0ca9a574dc3b3cbc12c042d3af43d29b,823
4520,location,2025-03-06,7eb8ff1cc251fab02f67d4ce0a4ce2c0,797
4520,location,2025-03-07,19adbc543bfba19d72542b314a519a1c,798
4520,location,2025-03-08,0288a06a4cecbbc1c591269612335a8e,818
4520,location,2025-03-09,092c225f589712d3b73b16f208b14c11,795
4520,location,2025-03-10,c97d746100ee5052bb3fb7b01825e83f,842
4520,location,2025-03-11,3bdf6943c8c66c12d5734004f98cfb31,788
4520,location,2025-03-12,0b5bc86099076bc08337fe7fa535b440,793
4520,location,2025-03-13,10ec7c0ff6b3f1f0aad5a663117570c8,758
4520,location,2025-03-14,1120b932371cb01686b56a488f89bce3,744
4520,location,2025-03-15,2f37649c1a1b5ce55e0d84357610ec53,787
4520,location,2025-03-16,0042ba232f9fbd973fe594461a090deb,797
4520,location,2025-03-17,d7c7ec1cbffd38088941a1d224301a0a,798
4520,location,2025-03-18,1a723a445214b16f8df08d9f6281d5c8,759
4520,location,2025-03-19,c78339054cdc439b615f5a27d19f8935,809
4520,location,2025-03-20,654248e9c9ab33e26f7857277dac9f49,663
4520,location,2025-03-21,65ff8977f7cfa91b966dd6a9cebcf4ee,791
4520,location,2025-03-22,248b508680cb6eb5c7338aea7536d5f3,807
4520,location,2025-03-23,522236db986f149b3211068341662b72,803
4520,location,2025-03-24,3936072e6911ca28a21256248ac2c18e,786
4520,location,2025-03-25,74ad408f19f68a1726b934fa5ddee91f,778
4520,location,2025-03-26,1f83647d8a97a3c37691cd8e5749353a,791
4520,location,2025-03-27,36f61fa3d7fa723ada393a5b56dda541,799
4520,location,2025-03-28,c7d9c0ef93482fb6f05d863ff558965f,807
4520,location,2025-03-29,538abc525cd34e3dbfab1e9cba647c68,797
4520,location,2025-03-30,3498705e126a8d7375f3bc89b3e0274e,776
4520,location,2025-03-31,230aab71f0891fa9a1864ab40c9016ac,770
4520,location,2025-04-01,1b8976906c64b4deb9324fc5dfb3ce2b,762
4520,location,2025-04-02,65f4037679014c4d89b692d131303794,802
4520,location,2025-04-03,da28035969293d29db08901990650c58,777
4520,location,2025-04-04,60a445ad3c0db5e24156b3cc2b478764,810
4520,location,2025-04-05,d0e120b88b81f7ac8fbc1f4042afc3f7,781
4520,location,2025-04-06,6167b723944865b51f22b2739f7ce841,773
4520,location,2025-04-07,eaed5590708e2ad56a3243a0a84e6e65,771
4520,location,2025-04-08,c564453cc6a9cce2c8ad938120c6b1f5,742
4520,location,2025-04-09,05b9b762f1e86dab2db872e01a1e5cde,644
4520,location,2025-04-10,88b72e95492bb6d4eba1c1c1dd8e0e6c,751
4520,location,2025-04-11,82f9b9266890acae9ef3b47efa1c504d,777
4520,location,2025-04-12,a8e586f2d11faee25aa2770f04000a72,771
4520,location,2025-04-13,e1b2f4334bbfbc96fb8931f65428bdbb,801
4520,location,2025-04-14,75db54af704eff3da0a4d7c3148cdfdf,784
4520,location,2025-04-15,92d6b2aff43e05e736288b67c37a025a,774
4520,location,2025-04-16,1caf5cf13a26e49efa8618048618996f,809
4520,location,2025-04-17,2c45f169d03e354488aadd1dc3e6afa6,661
4520,location,2025-04-22,dc069e0ee1ef87394ee2a41f6a950605,247
4520,location,2025-04-23,b760a26e4b716671bec4420f93196f14,463
4520,location,2025-04-24,af853693fc8dce91e97f5f90f0cb15b6,710
4520,location,2025-04-25,5ce56c2477ed02d08b1956e1c47df465,728
4520,location,2025-04-26,3357d9c304684d9e9b03711fe6b36a2a,787
4520,location,2025-04-27,34dea3c71bcf7128b976990a141b4a61,774
4520,location,2025-04-28,ef2d0596cd115dded3ab6f03d4405024,800
4520,location,2025-04-29,5b3a83ff9ac61b09b7e9a5c927dbde3c,796
4520,location,2025-04-30,0291aeab27b0a8be5406541d03864014,770
4520,location,2025-05-01,a72bcb596cc459d2903d7811ee1f1639,690
4520,location,2025-05-02,e5a3f447570ede8ac035bcc317cfc6d3,573
4520,location,2025-05-04,f4b13c513d6b94961eadccf3b984a24b,329
4520,location,2025-05-05,69a8300f4b48276dd7f6259136d77def,635
4520,location,2025-05-06,d08b518c929593edba78ec41228a6c71,743
4520,location,2025-05-07,08c95c477e917ccd20087115b1a8fea0,717
4520,location,2025-05-08,cee109fa77218a9d69416393d56a2018,767
4520,location,2025-05-09,ee2cbb81f927775523ba90533195336a,756
4520,location,2025-05-10,081aae1408f8dc24889d4396d915a473,790
4520,location,2025-05-11,ce9150f1933d524263e385aea01fbe41,770
4520,location,2025-05-12,dfe4e22c18bffabe1f6b8a3b99ab60eb,793
4520,location,2025-05-13,924c37a6126a050342d09dccf1976ff8,773
4520,location,2025-05-14,be445a2ee979277d850fb45214302b58,783
4520,location,2025-05-15,f22394c31fd42b506662fb6a0779bf46,793
4520,location,2025-05-16,12f40fe4d6e45ba0208320e7c599497c,594
4520,location,2025-05-17,2aead6f6a5e6e7a5925b59f3a91cb7c1,485
4520,location,2025-05-18,f379bdb5168052d84ab8fb1c4d82e875,604
4520,location,2025-05-19,5f14966ee7ae241eeff9e2e6d20c5057,435
4520,location,2025-05-20,a4aa468c8ca01783cbd69e869a1c562a,517
4520,location,2025-05-21,b4677198ed72a9b7c328daa0fbdf3026,752
4520,location,2025-05-22,b72fbffd88153629143c0698f123a83a,718
4520,location,2025-05-23,be85b8c0cfdd46900ab9de80746cabb5,789
4520,location,2025-05-24,e9ee66c343099bcba260ab566e893a7b,761
4520,location,2025-05-25,66c144c76a0e119384e9d8e4053ef449,778
4520,location,2025-05-26,2e1c2c8bbee4c56847c2359461e8307e,749
4520,location,2025-05-27,420049503398159769bf414ebcec97ea,551
4520,location,2025-05-28,85631ff6d807b5d4e15a46702544ff59,641
4520,location,2025-05-29,f25d7ae27be9d2c1c566b52e644f2bab,680
4520,location,2025-05-30,7bfa63fcd36fe7b2c1fef5daabefe632,745
4520,location,2025-05-31,565c776f52567d6ebac1e41112b26cc0,710
4520,location,2025-06-01,5284f700f6d7132f796564bd62b74bdf,764
4520,location,2025-06-02,9dc7b2967856882f03cba6be40d0595e,721
4520,location,2025-06-03,df4586d4bb16f9c3268bd10ae8f9bd59,662
4520,location,2025-06-04,3303c0727c7f9f5ac57394571fcc7db7,707
4520,location,2025-06-05,cf0d8ae8dc4a1304b2e42ea66bdaeaba,723
4520,location,2025-06-06,d5d6116aba55293e3bea6c4ae9912da5,709
4520,location,2025-06-07,cc3be91f8316645edfad6e8564f762c5,534
4520,location,2025-06-08,906336cc6a256771b203daab626d5917,259
4520,location,2025-06-09,fc18dcb28349af64fcd794919f700304,612
4520,location,2025-06-10,08518a3d36cc6c8a5897bf1081a2ccc4,724
4520,location,2025-06-11,f210a5182edf11d756616ca9a84de768,728
4520,location,2025-06-12,a2e8ff5ea8442b6bde2e14e4573faa17,596
4520,location,2025-06-13,29bd4ef5170ff76c5cf86be62f900ed4,530
4520,location,2025-06-14,337943004f8c0becf37a2c4bd5df9fba,741
4520,location,2025-06-15,55f9d519aa145bcdefa38084d1886f83,597
4520,location,2025-06-16,e39f99542003c1dff7fe21e939504b50,547
4520,location,2025-06-17,a3e0ce3bd115d69dc4117e4273c2ac73,362
4520,location,2025-06-18,19405a757f2295691720f9eccf7909e6,695
4520,location,2025-06-19,e3fb7b0da3f4f8934ae8730738d94710,528
4520,location,2025-06-20,1d4cf1a4dcded6e3c7b1202582d98964,495
4520,location,2025-06-21,d67fdf4da4826e6ab2027992e2fe4fb5,804
4520,location,2025-06-22,e958b2044ed86fb7577364107cfaaccc,727
4520,location,2025-06-23,b0b3e908818aea8b78d5eaeac728947b,658
4520,location,2025-06-24,201fd0c2a4435893ef5eab50f3509614,662
4520,location,2025-06-25,234a53df705f64e3717d4355f8702375,760
4520,location,2025-06-26,b868386428534bb875778dd61e68cfdf,800
4520,location,2025-06-27,2267227fefa359ba87e66405a0c5efd0,791
4520,location,2025-06-28,e2101d8e2d00728e5bed602ea3a25bc7,760
4520,location,2025-06-29,d06a3615261e96c47c51cab3d69c87b4,759
4520,location,2025-06-30,fa7e8a9f178b12badd20cd5e9d395529,777
4520,location,2025-07-01,e9242826a5cdddd1e6bda3b166a7ce4b,747
4520,location,2025-07-02,3f6d1c786d781a16f59b6a377afc4913,764
4520,location,2025-07-03,7ccde8b0de63790f6f9d64f203ef1d08,711
4520,location,2025-07-04,ea6bfa981825c6f1d929c3e9aeec18bf,778
4520,location,2025-07-05,69e0e2ed32c1a638d021073c0d6ac05a,770
4520,location,2025-07-06,e51ff82bc8ba1207e69f5c978137aa96,784
4520,location,2025-07-07,419c3aa2aa3d7ccfd7929f594354a4cf,728
4520,location,2025-07-08,2fdc15dffcb71b197e94ab4aedb983c1,740
4520,location,2025-07-09,0509aabae3c0b54e08a393efcdf14250,720
4520,location,2025-07-10,944a15471d1f7e2045d5285dfc57a3e8,612
4520,location,2025-07-11,a37affe31d7b4b53445f4386f9f20e67,677
4520,location,2025-07-12,cc3927e4863c5960d059a9d5024de56c,762
4520,location,2025-07-13,2c0517d8ca2a527a23fdb0d794e050f7,752
4520,location,2025-07-14,e6d1cbc4f71516442b7c9e6f9285a3bd,764
4520,location,2025-07-15,2a808f7b08a865646fd8e07a3dbdf833,754
4520,location,2025-07-16,32532300d7c4f2ea03cd2dea3700dd3f,747
4520,location,2025-07-17,008e788c4494f0393151edd93ff36f98,732
4520,location,2025-07-18,7113e72b03b75d731864be2148c5132c,770
4520,location,2025-07-19,a86c045882b2f0af1450bfb482dc8e66,787
4520,location,2025-07-20,24c4214b05e40e4134a33ab903174abc,793
4520,location,2025-07-21,fbbb31c09a6727282501680af3ac817a,740
4520,location,2025-07-22,4df84d137d82a5252737b9ce66d745dd,754
4520,location,2025-07-23,9af8480e0fae2acc5d84039e5ec7914e,777
4520,location,2025-07-24,83afcb9e24ec39688926c15444a2d5fd,734
4520,location,2025-07-25,4352c3fc52ead3ae5f1f67d9a3dc9bd6,751
4520,location,2025-07-26,e238c0eb765ec5cfae0c03d9c0b0b19c,785
4520,location,2025-07-27,a216b220fc7e3336560355ae32fccd3f,771
4520,location,2025-07-28,32d91e40ad7ccf4ba5b481fbb8805ac2,705
4520,location,2025-07-29,60fc630682b9172f3a7a72ae4b3546a9,770
4520,location,2025-07-30,43cc6d19afc50ba725b6f309efd2d237,752
4520,location,2025-07-31,cfee8c504e4f193921077893530786bf,771
4520,location,2025-08-01,911e75e61688d3ee7ce19f1a02504513,800
4520,location,2025-08-02,eaa68919e9b169cdc84ac5ffbf25fbdc,780
4520,location,2025-08-03,d7e89360ffa3328d6bdd3ac7e8ad0648,721
4520,location,2025-08-04,a1f0498d00145be44d8b177ac12edc1f,746
4520,location,2025-08-05,a65ae10ca47e22452f3b9ccbf3910eda,752
4520,location,2025-08-06,25853d206901e9cf44fc3822953d3f45,779
4520,location,2025-08-07,d108abb8612f3b94ba3056428a3d974c,790
4520,location,2025-08-08,fd6364827cbc7bffcfc4ad4822f6aadf,788
4520,location,2025-08-09,763580a0e1093f4f2aec0f6be8081886,818
4520,location,2025-08-10,16fb8cbc70a47a9a8df70a1f4543c156,725
4520,location,2025-08-11,edd5018e030da2c16b30377c796734f4,777
4520,location,2025-08-12,05023dcb52852eab1eeb5db78e355753,801
4520,location,2025-08-13,63458132e3a0b43611a82380df18c150,760
4520,location,2025-08-14,2f723414e249004dcf89ee8f9a458deb,775
4520,location,2025-08-15,8a4277a700135b3bf595712b092a8d51,786
4520,location,2025-08-16,b652c0a3bce0914519ed4fa21ef1283b,781
4520,location,2025-08-17,910fbd7c85020cba2b1f89c892204e01,755
4520,location,2025-08-18,772f65cf2490fe4e87bc3714a6d07593,785
4520,location,2025-08-19,9235eff98c9c8d2173ef3c340623c126,801
4520,location,2025-08-20,8c5f83e8aca12da43619850420b0dde3,808
4520,location,2025-08-21,1f84c0c282403632ff65e7c50af473ab,764
4520,location,2025-08-22,edd7fe542917e1bb6a38f375b209d2cb,802
4520,location,2025-08-23,f9b239fd9b32b16392de0c57b3ce988f,779
4520,location,2025-08-24,cbce68695dab3bbae28f360ed625db47,756
4520,location,2025-08-25,13adec3a808592905fe83782c544f0ad,792
4520,location,2025-08-26,05bf1b76e9760902e91c5264e2eb11c9,797
4520,location,2025-08-27,8e27eb30345d0f98b9bdc90a223defd1,806
4520,location,2025-08-28,ef33a5f819c9b1f6f0f56ff39088990f,775
4520,location,2025-08-29,0e6cbcc09bcfc322ac7ad9c4bce6ed1f,802
4520,location,2025-08-30,46e8306c59fe738347a9694981d3d301,756
4520,location,2025-08-31,c4408b771c4d0e6dfdb96d35eaecf332,774
4520,location,2025-09-01,6c60f10787dc73860b0210dd7e84a1db,797
4520,location,2025-09-02,fbfe40b9e0e4cb64ee2ac29f82c2ffac,773
4520,location,2025-09-03,22aadae70ad2beb45b394f57eba9488d,782
4520,location,2025-09-04,0070d448197f995e57c479be158d3dd7,753
4520,location,2025-09-05,fe816c62bbb90ee48e410825122a664f,773
4520,location,2025-09-06,3cfec431a1adc9279fc073aaeb40509f,768
4520,location,2025-09-07,9d04ffbcb7d50b104a5fa771a586b18b,762
4520,location,2025-09-08,c9abf65acd8acfddf82f5da3683291cb,797
4520,location,2025-09-09,58c6905719d096a1d6b3f7ed3e6c0755,828
4520,location,2025-09-10,d82187e9a20aa71c4f56c66334f41eb7,811
4520,location,2025-09-11,2877f1b85c73205c5d30d4ed98ed25ec,751
4520,location,2025-09-12,fd536c53b037d69752c818229e665dc4,785
4520,location,2025-09-13,0801d2ccc82025c7ed7a307b88697d33,788
4520,location,2025-09-14,fb78f26ec5a4b4ab69d815b3a11ccd2e,740
4520,location,2025-09-15,5884e88f9faf8f0039d5280e9d3c0b90,790
4520,location,2025-09-16,0ac839328c43da74e3fb05f27960467c,770
4520,location,2025-09-17,bcf433ca4bde45fe604fc0e9b146ca3f,748
4520,location,2025-09-18,4216569c5e94394017fc1c34916c248c,734
4520,location,2025-09-19,28c77e6167c5c3fb5db2b2c617012658,792
4520,location,2025-09-20,6ebc93ac34d366ef89f5389f77b789ff,791
4520,location,2025-09-21,e1d4b4e6fb30099ac8f8a9fdc7179652,780
4520,location,2025-09-22,f072c106d6e3bcb18cdd276cde4fea40,807
4520,location,2025-09-23,4a1a536d5513fd8a7dc0657f78bb8f6d,771
4520,location,2025-09-24,1c13629df8f381de094b2fd8279269e4,545
4520,location,2025-09-25,52698c45a48bb8a9cc7b69e2d2aac613,419
4520,location,2025-09-26,b5a64b50efcfee1b2d13cb3fc8a009ab,419
4520,location,2025-09-27,06852a94fabbe4480e92601943fb77a5,419
4520,location,2025-09-28,2a8b9c9ea17a8ef3bb3e67b15561edc9,419
4520,location,2025-09-29,f4489826acc777d23270dedb8a0ecae4,420
4520,location,2025-09-30,7d65fe5e6ff88b5bde7aaacdc46919f8,402
4520,location,2025-10-01,56006ddfa72421d08d44d2de2d64aae1,343
4520,location,2025-10-02,f81ba7e9c3e234c90f5a298232bbcacb,655
4520,location,2025-10-03,0a5a0ea8d2d7d66b9ec1997924085e33,735
4520,location,2025-10-04,9a65bed6c25389c24fc47ee9ed811057,649
4520,location,2025-10-05,62ddd9bb4dcadf623f4a9522b246599f,514
4520,location,2025-10-06,ac0286b2f939372386e6491201a761d8,368
4520,location,2025-10-19,9532253e720218b74d89dd8432d8338e,316
4520,location,2025-10-20,881a3a37c948f361b8a5928e746ed345,350
4520,location,2025-10-21,e1ce1aa630d2bda2e8bcd2d653719c3f,360
4520,location,2025-10-22,51fcfeb739989410ad075fbe4cc3d611,685
4520,location,2025-10-23,baa9fbc1b87298de78d992b00c59ab69,777
4520,location,2025-10-24,c6810426b5694cbdc3dec437bc31027b,761
4520,location,2025-10-25,8cca2a2a23ae735aefbe7a8244951d4e,754
4520,location,2025-10-26,150b84fb50fc75ba858a97d760881f76,748
4520,location,2025-10-27,e6e25efb0d389980309be1a2c2c2dea0,763
4520,location,2025-10-28,f38383afd59c888ef2b20c853d76d573,756
4520,location,2025-10-29,35f390f608c0557d8d270e216bd187a1,781
4520,location,2025-10-30,2e13f6278d2b798375dfff613ae2f46e,743
4520,location,2025-10-31,d1f7e75d7f7144f0f9d8c1c39c60efcc,529
4520,location,2025-11-01,5436c0c9e229a7671df06f9eb9982084,504
4520,location,2025-11-02,59090a8c0cb5f7c42a9215502ad8986a,800
4520,location,2025-11-03,3fd4e1cb03e1c06c6b71548b6c7dfcc8,779
4520,location,2025-11-04,7e8e182ccd08287d02d0b59ebf891305,784
4520,location,2025-11-05,fb7760f890b013522401303ab97b8a05,809
4520,location,2025-11-06,70d44c1ee2915bed4b7e024e553d0ec3,723
4520,location,2025-11-07,9b7cf2d8fad4df7dfc9322ff4270f713,732
4520,location,2025-11-08,da9a54d5f5abaa2b104d2a64e576678a,801
4520,location,2025-11-09,21325d77aec4730798dc80a0d32e525e,839
4520,location,2025-11-10,62e8556c38f9a65d03e8bf51cc834d88,834
4520,location,2025-11-11,9c5d84f25c32f658dd348d6ad80b6a64,805
4520,location,2025-11-12,5ae0353f14431b0e070d4f18ad820bbf,814
4520,location,2025-11-13,4bf99d1428bdd3a6b779803fb27141fc,733
4520,location,2025-11-14,c19da8450bd19140e031922497c50373,775
4520,location,2025-11-15,3a6435ab54d85683922d559b27d2403f,772
4520,location,2025-11-16,d348d6ad285a6be0f134442e72d21c73,795
4520,location,2025-11-17,544ba23335fcc5425772229ac774c377,736
4520,location,2025-11-18,52719ab4c683ece5ecd7e6129396be16,745
4520,location,2025-11-19,e0f4c9b719d1c09599ab5b3fc7339799,795
4520,location,2025-11-20,c495eea5c8967cd1669827e12bcbe1c8,756
4520,location,2025-11-21,b6b31994a3c40a988ebe17021e988683,805
4520,location,2025-11-22,71ab923f16353b51ca5b49faec2e8015,778
4520,location,2025-11-23,524e122a97855eb462079611ac48db14,731
4520,location,2025-11-24,8780ca2ebeb1cb0d25d821c0582e416e,753
4520,location,2025-11-25,5016dbd2e14a01a77ea6135bed41500a,569
4520,location,2025-11-26,f459c1ed8f41cfe5dac2e6f8bdec411c,655
4520,location,2025-11-27,51c48732420365e0221c339b276ff363,634
4520,location,2025-11-28,6f4d37fdf62f14923937b2a8d6201530,429
4520,location,2025-11-29,c5c61504d267e9839aff0cda20b89f2e,265
4520,location,2025-11-30,68fb601f7372c5f8d676c277cf627881,286
4520,location,2025-12-01,8584326d13700de0cf1f561853305070,646
4520,location,2025-12-02,6cc3e021f4a472cb4b4ce21a0d6fa6e5,712
4520,location,2025-12-03,0f5292526b0c79759daf2859273b1008,785
4520,location,2025-12-04,939741c96062ce51921bcd34f135dfb4,786
4520,location,2025-12-05,47b89558fa83c1f7333e8a7a232286ae,749
4520,location,2025-12-06,f3f5d9501561c0eebc82747d17a77551,795
4520,location,2025-12-07,04b0a2c664bccd6f7ac5b71a0aa54dc8,800
4520,location,2025-12-08,d5a99fff50d0340d7a90d1ffb4b399d5,793
4520,location,2025-12-09,d3542c9afa34453e791e0e5584d29c6c,774
4520,location,2025-12-10,c3f5d3e3e1f992c504f0f499a3bb4ba6,761
4520,location,2025-12-11,3faef0964be3bd340040e2f76e37c653,740
4520,location,2025-12-12,459e325167977985e8e492b88012a238,826
4520,location,2025-12-13,f4344f1f2a58076380d48c0d5a3b062c,709
4520,location,2025-12-14,b2dd2aa4da634e5df1b46bbb5e8d9226,757
4520,location,2025-12-15,6e7ba7ffb5cb96fd6ae820715a2d0cf0,801
4520,location,2025-12-16,920b2c98cdc991d2c53b9d08eb375168,764
4520,location,2025-12-17,8697d028a7c7541910103db4121ec172,780
4520,location,2025-12-18,6462b3cdef9ca184ef7aa1bb1e390a5b,675
4520,location,2025-12-19,0ceba23fb5685b212742d34b92bacafe,756
4520,location,2025-12-20,a7cdd5b74b29607e22ed9613ebb59dac,789
4520,location,2025-12-21,bf0c092506a3b237a8e2fd04b162cdf7,801
4520,location,2025-12-22,bd804ab5de66d49550aedd0c36c08402,785
4520,location,2025-12-23,a53dc24ab0e29601d7fc1507510728b3,789
4520,location,2025-12-24,a846d5596292931ad9c2a04f021f7a94,836
4520,location,2025-12-25,3943715a2fdb221da50087d06733b5ad,741
4520,location,2025-12-26,4eef66c1cb3040c7554ff59e81434017,773
4520,location,2025-12-27,ce35c81fc5fb8fae1604fd80d87914ec,726
4520,location,2025-12-28,b16c500f3e957ce255066e9b74faba90,617
4520,location,2025-12-29,adee9d9dadb04ae6abadea449afbeeb5,788
4520,location,2025-12-30,f2ca39a3f262edf2d3c016a743aa5990,785
4520,location,2025-12-31,4253014c8c6ea56e07239ed099eebf41,785
4520,location,2026-01-01,61699b1626b4013243493a6130d7f411,719
4520,location,2026-01-02,93067ff20d3227251283a6eea2905e41,694
4520,location,2026-01-03,98b64ae80d4ab9538d73b93b17d1d861,789
4520,location,2026-01-04,d3a7cdb2457a996a44fce51233ce99dc,765
4520,location,2026-01-05,929612b12b213aa907dd3d61d06db2bb,795
4520,location,2026-01-06,c9882fa586424c14e8de18aa0d9026c4,757
4520,location,2026-01-07,47f966f84a4110bcedb21413e01e4e3e,411
4520,location,2026-01-08,c5ee6f496246abcc2e72f7f7f8640842,468
4520,location,2026-01-09,6f577c5c692b14b48db7f44a789620eb,526
4520,location,2026-01-10,8ad434f1abbcb1d44d8c6bc59721052e,503
4520,location,2026-01-11,f95d761c3e650f8eedb3f55691db68a0,530
4520,location,2026-01-12,c2ea2660039a47bf3b7449733cfe4be2,556
4520,location,2026-01-13,140cbb71283da954c71ca0e74cee5b24,653
4520,location,2026-01-14,b203facbc7f34a3e79173ef013de372e,725
4520,location,2026-01-15,f9a46e90e845cb1bdd14c52a2fb6fbe9,717
4520,location,2026-01-16,a13cacf863e25467ba7262ca53bc2852,599
4520,location,2026-01-17,768bfca3a466520bbe8bb1a5c086de83,593
4520,location,2026-01-18,8bd8964e58b053123dd5ff9ab43fc31f,589
4520,location,2026-01-19,e5f0062af99055ccf84f0b32b00d6033,665
4520,location,2026-01-20,55c90ee4d5a899b5a4580832fe4d8f68,681
4520,location,2026-01-21,0bcb8838b6c7bba6a1e21f06727f7c61,653
4520,location,2026-01-22,15d69ac96e0c3aba2cded0042d078ac0,644
4520,location,2026-01-23,3ab43163f09c89b97ab1ea9672126b12,668
4520,location,2026-01-24,72263eef607c6b5673c98fefbc7d66bb,744
4520,location,2026-01-25,374a53b41a3340edff153e7b357fd3b7,697
4520,location,2026-01-26,9a5fc8555cfd421d95abf6114fc2c5aa,785
4520,location,2026-01-27,f6ee0a1ba796e724785511af5acfa487,819
4520,location,2026-01-28,dbf554d4a33032d13fe0b9135a640b61,675
4520,location,2026-01-29,53f017b341d1c311f4d3916f563b438a,790
4520,location,2026-01-30,19a8f390b0d0c89b883a4ceb7a4a19a0,809
4520,location,2026-01-31,4a92326738c35bb8a729442719ccbbc6,782
4520,location,2026-02-01,bd2ef10666aafbb3690d4b8afbf8af8e,805
4520,location,2026-02-02,ed771c543f7088aa42fa6e07c43a4eb6,808
4520,location,2026-02-03,302b634be4d8ffeac3affe7eef67c94a,787
4520,location,2026-02-04,9f6d3fe9aaa21a1f9dfc4c91a665fdbd,821
4520,location,2026-02-05,e1169c3e58200949e6fcf6f75530d0c5,778
4520,location,2026-02-06,b639077771f34361a6db49b328711c95,783
4520,location,2026-02-07,f04a5307c360a2c360e7c8ab6100d0a0,798
4520,location,2026-02-08,573dc8bd241e1ea0f5b034c404f5ad0e,827
4520,location,2026-02-09,8326b1687134368c06c7d14e97e59244,801
4520,location,2026-02-10,cc48d09f71e77f2deba5124d93998194,773
4520,location,2026-02-11,758b825ddb7145acd074c150af878d4b,706
4520,location,2026-02-12,eda0646f8b7c88705deeb6a3b426a37f,797
4520,location,2026-02-13,731405d6f8710cb5d2ab12fd6c848a70,797
4520,location,2026-02-14,b823dd4e4061d6ed977a67bb7ad5dada,815
4520,location,2026-02-15,9f3549bd7940735e4491a3c4329dcbcf,776
4520,location,2026-02-16,174ac31d237eeb84bfd189ae72ab6ccf,786
4520,location,2026-02-17,15b64d54d6210b133b611352047d7e60,794
4520,location,2026-02-18,3a6026e50ddaa7bbcabafdcab30b172a,809
4520,location,2026-02-19,41dbb26db62e498190d3a93901cc9525,637
4520,location,2026-02-20,71008821cce0557a7b10eb580446834a,660
4520,location,2026-02-21,1758c1b0d0f35338f86bfd8c28fb5364,787
4520,location,2026-02-22,86d87fd0f43af8948f91549344ebfb29,782
4520,location,2026-02-23,38d895c9eabdf4b783fcdab540fe4053,761
4520,location,2026-02-24,80e3fbbc8956129464bdcf7a4444c62e,777
4520,location,2026-02-25,dfa64f6c2620664f795426ba8d9bfab0,814
4520,location,2026-02-26,ee840740f1330e76098965a98b688160,777
4520,location,2026-02-27,73bf642cc55e2e7bdbb0ad4ee150e5dd,781
4520,location,2026-02-28,a052b8eec0d214fc22a764c814f1e531,803
4520,location,2026-03-01,79bbe87f4648ba1e94bc93753296b526,799
4520,location,2026-03-02,d3d5a246d50d9e1acc16f7d4979332e5,828
4520,location,2026-03-03,cb4db5bdd08bea9f5c63836a7ee48708,807
4520,location,2026-03-04,57dca23d825dd81a9a426441d256110d,810
4520,location,2026-03-05,3bba3df5bd64a3a55e7c6ed8f02a5949,809
4520,location,2026-03-06,d3acce332b96d461d58006b19e488713,814
4520,location,2026-03-07,52ee80870230d8a715bc5ccd81fec470,823
4520,location,2026-03-08,6c89a3d86709c826eea0775073329588,800
4520,location,2026-03-09,021eaafcef623d2d77f6c2d330c35ef6,819
4520,location,2026-03-10,72de9a0e944ce623ac396d75fd95da2a,807
4520,location,2026-03-11,14e23812fc8cae1c226d4690ba9bc53e,791
4520,location,2026-03-12,d7be6e1f75075779e2b3e2eade91182b,799
4520,location,2026-03-13,6f5b98d894d91fbeb0c9692356cd418a,807
4520,location,2026-03-14,3b76a79a65728327e57320cb02489d67,817
4520,location,2026-03-15,14ba462e7972507dfe45489fc7274d6a,791
4520,location,2026-03-16,dcc1bf687307f3b9684da69afc9def52,820
4520,location,2026-03-17,1f6725cbc8eb268c489225e6522f5185,784
4520,location,2026-03-18,5b74505e5e410a40554fa8057156dc31,794
4520,location,2026-03-19,c5b977b57e09b6768fdc402e6e20792c,791
4520,location,2026-03-20,da0956d92362558ce71da59316e549ee,829
4520,location,2026-03-21,65dffd8fe1ec9c5eb691f23b8bc1ee97,784
4520,location,2026-03-22,6f8051b4b98bd2eafbf23462251afd5c,819
4520,location,2026-03-23,de6e31bcc192405cc98f6c93ed42d17b,823
4520,location,2026-03-24,85decd7008da9f6c060620a6cabd3330,813
4520,location,2026-03-25,a2bdc4cfaed4bfe8e2f8e90861174cd9,795
4520,location,2026-03-26,3f27c50424223308f4d918c80d66f750,769
4520,location,2026-03-27,a39430e40bcb78419b3e7d65a82cbfdb,785
4520,location,2026-03-28,76bd0e4397c9c172c881967cdb9c5cdc,798
4520,location,2026-03-29,27b4653c1ba3b1c4711db69878c7684d,798
4520,location,2026-03-30,20ac2ffc509f15ed28e437a8017430ea,812
4520,location,2026-03-31,ab441da980852844db597aa88af5562c,794
4520,location,2026-04-01,853fc1a32bd3f240302f82069d880a56,795
4520,location,2026-04-02,32efe6417b2b400d37dc56908f07ef38,789
4520,location,2026-04-03,8cf3f5ae07a3863e4fea047df1c91ccd,778
4520,location,2026-04-04,ed755d6d091e8cf1e6b03420fa639b4d,788
4520,location,2026-04-05,de3fab9e61b0c132be97195381ca1e09,797
4520,location,2026-04-06,16d072e2a5f33f433d7af3d109d1ed3b,793
4520,location,2026-04-07,ac7e7eb3dacf31cef27ec99b2c4c87b2,792
4520,location,2026-04-08,676d695a146b43b036b7b0881ba74ff6,715
4520,location,2026-04-09,72410188a422eee85ee769bd7673e23e,762
4520,location,2026-04-10,fd9db4a89b9f8e72b42736db93832f38,773
4520,location,2026-04-11,d95176b088bca365f5fadc82e1b6f403,799
4520,location,2026-04-12,7faf0b9c100498260157578343fb2e10,801
4520,location,2026-04-13,93dbe7587f049e2157fda472094f6402,784
4520,location,2026-04-14,5b746e981f6e2616f5e06ff71f152ff6,788
4520,location,2026-04-15,f1a637ed6da1e7bdbc57caab2aaba200,788
4520,location,2026-04-16,3af081ca5e5dc89f61f85caa12581fc4,795
4520,location,2026-04-17,5153c1a40b18178262bf161311fb2bd2,798
4520,location,2026-04-18,a12571d9e24271cb9d0c7d2c2aaa4024,816
4520,location,2026-04-19,7cec70219bbf9430265bd18b834fcab7,544
4520,location,2026-04-20,7de5f275a208d48312d497fb108f410f,788
4520,location,2026-04-21,994be99ef8b3e4107fec3a06fed8802e,763
4520,location,2026-04-22,bd6b48373daa3bbff2f74c7b1d72a305,794
4520,location,2026-04-23,b5ccb6b2c9a789a44a2721357a7fe181,784
4520,location,2026-04-24,a87449bcfc16676290168ffc316f9613,804
4520,location,2026-04-25,28269e0a295b3b9617dcb85b59f21b0e,797
4520,location,2026-04-26,8cc34ea55be5a2feb21128f8ff3048f1,793
4520,location,2026-04-27,5c4b1f8a8001eb912687905b383ad7c3,802
4520,location,2026-04-28,f9444e28c768b1f9613eefea1b0121a1,583
4520,location,2026-04-29,49322067efdd9c60b3049b951b27f44d,532
4520,location,2026-04-30,6375e0575233449b732e5e4e6c0ff6b2,671
4520,location,2026-05-01,25b663dc74c18ff0e4beee3bb439a79d,782
4520,location,2026-05-02,e5d93b600c9129b1f78f93e1afef1e4d,796
4520,location,2026-05-03,7b248d7594eda11501b0bd1c43e6ec11,581
4520,location,2026-05-04,da03bc20a1cf7fe3645d1f1cc0a0cd96,761
4520,location,2026-05-05,8bc84c57f1f2b3064b1ad663733b1ba3,817
4520,location,2026-05-06,873400f418ee79babf6f8927ec50f57b,771
4520,location,2026-05-07,bffefb97b79491b79a7d4cefa53025ff,786
4520,location,2026-05-08,b5de97bad76fbd760842e218d027a807,804
4520,location,2026-05-09,f3b63b784b8cf3649709489e453e6711,790
4520,location,2026-05-10,7135c1e76ae04ae504908d1fd120a62c,813
4520,location,2026-05-11,e91482054a4bcaba26dbf8462a638aa7,808
4520,location,2026-05-12,6d527257c208f327c9928e32032977d8,778
4520,location,2026-05-13,771321788a65013c4bfb8acd8a0a993a,773
4520,location,2026-05-14,6a864d07cd4d0974aebf4b3c4863f8ab,766
4520,location,2026-05-15,a745ceeb2fc174421e95375978ae5580,771
4520,location,2026-05-16,d3b40d552d2adb4131381e04c485c551,776
4520,location,2026-05-17,415e704b2551e6e569a57ed3d7ca6acc,761
4520,location,2026-05-18,c78e1007bcc0b0ceb0a8fd4e2b6beb3c,800
4520,location,2026-05-19,9804396c1f8c767aa504beef97e61faf,796
4520,location,2026-05-20,8a145983bfc3e1b44de39cdd693337d6,788
4520,location,2026-05-21,f75cc1a5c8167ba7ad4ad37e1e6db912,804
4520,location,2026-05-22,62fb5e8fdad7b5f390c4055e7acb0ea9,793
4520,location,2026-05-23,56c002fede5051ef29002580faabe0f4,803
4520,location,2026-05-24,cd9373d12105a20cfeffdf2b1d697f24,754
4520,location,2026-05-25,3857ed371b1040e12a1445aef2876093,558
4520,location,2026-05-26,06a66f6f7593be946e5b408e53460e00,680
4520,location,2026-05-27,e6f6cb80f31febb70099d15a7f91f48e,567
4520,location,2026-05-28,b50800da041f260129eec5ef18d26001,610
4520,location,2026-05-29,0e3f615b26fdf5ac7fec00b3d4bae371,769
4520,location,2026-05-30,16fed74e5f05a612dd9c70c55847a3dc,751
4520,location,2026-05-31,e2d0e4a85acfa7f3ab817bd13f8230a6,748
4520,location,2026-06-01,a479f4fb25abb700dac6fd57cccf1133,740
4520,location,2026-06-02,4f750d96028bba964073d88295410501,752
4520,location,2026-06-03,535b6a787bbfa74d46e60de93f6aaf66,731
4520,location,2026-06-04,2c18f9717c6bf93c386f7dfc410572a7,738
4520,location,2026-06-05,be7d714fa2f3cf6601e8cdd9cf112f1e,719
4520,location,2026-06-06,7e974d2e238d5feb34611ca56cc342dd,767
4520,location,2026-06-07,4c058dfd07d5a5b94ca95fad84ff986d,746
4520,location,2026-06-08,efdb020168a11f953a23136a1564f22d,588
4520,location,2026-06-09,3a669fda08ed38776a9aa5d5e0cee181,534
4520,location,2026-06-10,27e4993571d5253d164c40b931c21bbd,443
4520,location,2026-06-11,af44512a8d25c53bc42461ca724d9fe4,516
4520,location,2026-06-12,3e7fc307908cda3ecac238265036234d,517
4520,location,2026-06-13,3134caa55dfebcb6461536681e8121df,393
4520,location,2026-06-14,d5dcdb20a62031048be70f24b1834e44,651
4520,location,2026-06-15,7b32062e3903ebd3a3f71def95da767a,569
4520,location,2026-06-16,88672aa8af512b252ef7cd45f4eae146,616
4520,location,2026-06-17,137961b18421bafd67e5c529667f5057,748
4520,location,2026-06-18,a02a7aa6d0c41eec50b30a4c605353ce,749
4520,location,2026-06-19,977674b338077ef6ca2a9039980fa176,758
4520,location,2026-06-20,a5781401f8da15db918eabd47ced3764,764
4520,location,2026-06-21,8e994f79947a75d400815ecb2333b72b,668
4520,location,2026-06-22,ea11ccfaed74697c0e14ed2a351603cf,628
4520,location,2026-06-23,84feb31697c02a2e8cc87dcca732e65d,692
4520,location,2026-06-24,2785c14f2cda242f71b8e1638f11feae,759
4520,location,2026-06-25,80bf1b6989e2bfc2f511fd459c8d490b,754
4520,location,2026-06-26,efd0fb5e950e9c0639a8b51815dbdeed,741
4520,location,2026-06-27,fa7852f1af49754b471ded5f93e63797,748
4520,location,2026-06-28,3213e4541b0de98dfd62f117671e58ed,757
4520,location,2026-06-29,a7fdcdcdc565c63b4ebf7a998a1af4d5,765
4520,location,2026-06-30,42f9b6a22b1fa6ab6333957ad298ecbb,755
4520,location,2026-07-01,b6c6eedf219d7d84954d9f432dacae22,755
4520,location,2026-07-02,311618e4fe5ea1c27a405638a9178ce4,764
4520,location,2026-07-03,adc94f2867ade9257abd62e4a4a387ca,728
4520,location,2026-07-04,c3d21de582e85956601168c8058cc860,750
4520,location,2026-07-05,3bfe8a700ffef54dcbb60cb0f2ad1302,745
4520,location,2026-07-06,50d2e4f5b5a70c90aec359dc1b2194a4,756
4520,location,2026-07-07,b6de90d521e1007c7dcd4ec0401cf94a,757
4520,location,2026-07-08,a34851e4fd479ac57cb450d332360241,753
4520,location,2026-07-09,71d5c02ef54434773a10a84ab33312a1,738
4520,location,2026-07-10,0dde989ec142ea95f5cac4fd5a8be739,725
4520,location,2026-07-11,41788c48a1ba7cb7f9fb010836a8571c,742
4520,location,2026-07-12,f6c4e5f9a4bd92de1e0aa7b5e1211c03,735
4520,location,2026-07-13,7de64913af3c37cf981e4579f521beb9,753
4520,location,2026-07-14,d3a72912339f762538e2ce50d40206f1,779
4520,location,2026-07-15,4eef5c06bb3ecf5671d73c7996d31815,759
4520,location,2026-07-16,0836c45ca3d9aed313096864a8bca799,733
4520,location,2026-07-17,037ddd859bce6e5959e4d15c74be5390,736
4520,location,2026-07-18,78d287053e9783a1aa8acb2c85ce5a4e,739
4520,location,2026-07-19,80f8fb1b31492708421b78bea910130b,749
4520,location,2026-07-20,65a47142a6a875e4b4197d361c29a68d,686
4520,location,2026-07-21,58e47640184de78e9fad8053fc6d1e82,758
4520,location,2026-07-22,030d22f7ff82830bc14c45d3251c0e31,743
4520,location,2026-07-23,94e3a9bee2d35d08cb410ceb2b030d20,745
4520,location,2026-07-24,579fd43db5ed8042187f469b146c2c56,757
4520,location,2026-07-25,45c4ef3f3fe146ec79377a64b345d20a,761
4520,location,2026-07-26,0e0cd1aa24d63c3fcb68f9bc2ec9d26e,744
4520,location,2026-07-27,cd5b6b45c3d0efdbb0347f72d25deb10,658
4520,location,2026-07-28,8f60fd2570e809e9f35c3d792527ab9f,741
4520,location,2026-07-29,e2a7a089ecef90354780c6778b4dceda,769
4520,location,2026-07-30,11f0f6a0b1f9d6d9b5487227e7eb7821,748
4520,location,2026-07-31,f8d3459c153464fc9aa96c9ec7ddeddd,771
4520,location,2026-08-01,0b0be2a380168bbdad3e3f73eee92a5e,751
4520,location,2026-08-02,53f3441e1f0e35faa490ad7d78636d6c,751
4520,location,2026-08-03,1a5c6ce5e4f451fe89ab8e9134a0692b,753
4520,location,2026-08-04,89119e12decc40553c389c786d9f1639,757
4520,location,2026-08-05,bbc7fb3ad367b1a483622449d9671c7c,773
4520,location,2026-08-06,494c3d2542b7eb34f07af00961f73459,735
4520,location,2026-08-07,66ba58b9d448bc9f485411afa63cc080,746
4520,location,2026-08-08,1cef8aad226298c796f86603310d2f49,750
4520,location,2026-08-09,4954e70618417fe34a1aff30e1b5477d,617
4520,location,2026-08-10,623fb987eaf3fba15e66b6bcace6f588,696
4520,location,2026-08-11,6d3006477e2f158727ec1b378dc1f1dd,742
4520,location,2026-08-12,3d28c662c2990d3439bca33a09b122c9,764
4520,location,2026-08-13,9715d538f9b3fac85c512a23b643893f,740
4520,location,2026-08-14,28b1b22fb8335d2f3e786754f6bb7f59,667
4520,location,2026-08-15,12625f899e8fc3cc80a577645d14dcfc,751
4520,location,2026-08-16,e546e859584d9c8a9e8544b783b48ef6,765
4520,location,2026-08-17,bdf0a67ac1255d9bb1828514a2dd8c34,765
4520,location,2026-08-18,4654ccfee3249ad2bac59b1bcdedb597,746
4520,location,2026-08-19,702c9ac08824d19a9ea3deca433c3c38,772
4520,location,2026-08-20,c5a395ce33e6003caa4a73f55b5fed7f,756
4520,location,2026-08-21,6b32d43a607d46a2d2657c6411e68b25,770
4520,location,2026-08-22,9a0db75dafb38db4d81f74f675a27535,744
4520,location,2026-08-23,0e51dacb93ef5209f5d21b723c95abc4,666
4520,location,2026-08-24,7d2fcd21a52fa00a1e65633ad94c957e,763
4520,location,2026-08-25,4a2f6a2f6fdc7426f59d62bd443a1ecc,762
4520,location,2026-08-26,91b28dabdf2e28753b7b85e1836e19f8,783
4520,location,2026-08-27,8bb01462e6a6580d4d5bb382adbfca5a,749
4520,location,2026-08-28,23cd7ba750e4e3502e2dc8fc8891635f,764
4520,location,2026-08-29,ddbd57b2af0ed22c66057e75d150dfa2,758
4520,location,2026-08-30,ba8ac9a2fcd5a0f37439c9326151b208,522
4520,location,2026-08-31,727cdfb7979836838f3a04e563f495b2,775
4520,location,2026-09-01,2dc2f8d4b7acf65ad0fb4a2da403c441,758
4520,location,2026-09-02,11527ca68d89036637d52cbbb2277ea2,757
4520,location,2026-09-03,2badc78a70f18a717d75cbe00353eda3,746
4520,location,2026-09-04,ab66c46bb447b69d325ad8b480032e01,764
4520,location,2026-09-05,a4c902963b5b1e7411c81c0c252a3ede,758
4520,location,2026-09-06,d14898646955dd5f36bda69fd58a9da9,635
4520,location,2026-09-07,7f85bc596fdee9ebbf2887ea0b1a1793,773
4520,location,2026-09-08,a455bac7256d859f032d0e7a274731de,764
4520,location,2026-09-09,0448089df4fc3044dc3762d6d7dde963,744
4520,location,2026-09-10,b47920fafcab5bc15590235bf082bece,739
4520,location,2026-09-11,1cf0a35c00cc049fe58a7e6b218384d3,748
4520,location,2026-09-12,b08b04ecc29a3a2d25336d4451113646,758
4520,location,2026-09-13,9e1fa52806cf049c9d9dd5b4651b1885,665
4520,location,2026-09-14,db889e2014b1701d9ce08ba7e526667a,760
4520,location,2026-09-15,e0950aa8267b6280951ed9e44751f8ea,768
4520,location,2026-09-16,311cb9ce2b5e3e27259dc4e65a912f95,757
4520,location,2026-09-17,fc5c2897080da20f76d11dadce4856a8,757
4520,location,2026-09-18,d02388b5f8824bc0ce1a3fd8ce5b8038,763
4520,location,2026-09-19,2467ad69fb9712373f14702f75cb001b,735
4520,location,2026-09-20,ce332eedcafba0f381db101932629a7d,703
4520,location,2026-09-21,f4a8b0f0046e17620101c9541cf2706e,700
4563,location,2025-01-01,a7fe78de762355b6331bf6955d1069dc,788
4563,location,2025-01-02,7901e10878da8fcb7bf4e5664e23ce7d,816
4563,location,2025-01-03,8be74d3155689a7b54b5da490d8055b2,772
4563,location,2025-01-04,8aab3c914283aa7be82592048654084f,794
4563,location,2025-01-05,7f551ca302b65bb6d7193cbaf40be4d4,814
4563,location,2025-01-06,95012dd35c9e471e1c204cf9a6f51390,810
4563,location,2025-01-07,bf14e2a4c3d93833e93d1aa438b028f4,825
4563,location,2025-01-08,9cc795f63fdd021a31724e1d6fc38802,806
4563,location,2025-01-09,86ca4898f56714b2122aab49663f8848,773
4563,location,2025-01-10,7ecb9299ef6931a61d7208bf8c43e69a,727
4563,location,2025-01-11,328d94057126c047e8f7059159245566,751
4563,location,2025-01-12,f927ed6517141325c2b4aa26e241f62e,756
4563,location,2025-01-13,6d4dcbc2af50f7d1b0730aac2fe8a464,564
4563,location,2025-01-14,0de777f5b99c6ac3ad354b028cc69b70,562
4563,location,2025-01-15,8e2be876bbd9bde1705f344c8802a1a0,582
4563,location,2025-01-16,c2e84ce604d54a2a348180887d2fe227,509
4563,location,2025-01-17,d952a10013c3182499e604e2ad25fc6f,666
4563,location,2025-01-18,0ce95a28425dd5e6d6b854fbdfb60827,665
4563,location,2025-01-19,bfa4968ec1e597ec97028779ee3c7061,700
4563,location,2025-01-20,0f693d98fb196c0ad29de44e2b4b5658,788
4563,location,2025-01-21,d6a40f07f0c33be4a896ac913888f638,745
4563,location,2025-01-22,63f071d18bf66d1c9c2977827b623dcf,761
4563,location,2025-01-23,9981bce7032769f36281cbf49fd44868,791
4563,location,2025-01-24,9ab682803c88567da3d29f5550b5f6be,802
4563,location,2025-01-25,46e058999568bd8f97cc558fc69df9f6,788
4563,location,2025-01-26,661898e8214db8b432a7575ca74c27da,812
4563,location,2025-01-27,61ad9952f946000f7f78feadb09b81b9,801
4563,location,2025-01-28,f675f1eef7d709a93f390052ecc4fe6a,748
4563,location,2025-01-29,2f25749851a593d40c72594ea940ec21,801
4563,location,2025-01-30,e4df780baa5260bbce352aee73cf2387,790
4563,location,2025-01-31,82a1a98781344e3faa4f12c1428f2d31,782
4563,location,2025-02-01,1399fcfe370a4ebb2cff2a4d92c0c7fb,802
4563,location,2025-02-02,a38d4841a9a3cff52e334ad812d06a26,765
4563,location,2025-02-03,eeefb002b3c1d921481f91704af0fc6f,634
4563,location,2025-02-04,2459bddfcc950ca8030717390bcd828f,810
4563,location,2025-02-05,278166d73850a8977880fa7d733349cb,764
4563,location,2025-02-06,692bb85573be99342798ac081a67a34a,790
4563,location,2025-02-07,8ef04f21421d85fef6b39eb87f94abb7,825
4563,location,2025-02-08,983e1ffd23c0cdd679760738ce884359,777
4563,location,2025-02-09,8a743c3cf7cc7cae37a8b52e2ad0a65e,795
4563,location,2025-02-10,ab367aa96b9e0147ddd474857bb9904f,815
4563,location,2025-02-11,f4f05fd57ad450df67a38973b41852a9,785
4563,location,2025-02-12,cc72a92bb0c2189814f94f42a6f1c69a,581
4563,location,2025-02-13,10fde78d07df8a7364d93b4dba89bc06,773
4563,location,2025-02-14,78013efa9aa43dc11d37a309bf6dc347,825
4563,location,2025-02-15,0f4d16eb5f2ef1bba267af74802693e7,794
4563,location,2025-02-16,86266bb6b05db7f2e90455f5a8ae60d9,811
4563,location,2025-02-17,c4191eb5c1a07cf8b89dc9ebc81a5ad2,792
4563,location,2025-02-18,6dfd83351eeae0fa4d7adc5937dc869e,803
4563,location,2025-02-19,da27d72d3c198790d5e05e5f539d1799,723
4563,location,2025-02-20,1e0dfc89f0479bcbc5c9e1f3b198405c,776
4563,location,2025-02-21,8d98919bb7de1c1b28d039c2aa82c437,782
4563,location,2025-02-22,402833f7e681e18700ae589ff43776b1,794
4563,location,2025-02-23,7b89f1b84712b9948a3623e277bfe7fb,802
4563,location,2025-02-24,b6f020bfafc2059af31f9e03deb9e8e3,809
4563,location,2025-02-25,30ff2fe05bb0b45fe6d9681bfdb89258,365
4563,location,2025-02-26,6afca849a60b65a4a0ba2d57f11d9541,374
4563,location,2025-02-27,68c09d69bd9583c237a53fc4ddf22e01,366
4563,location,2025-02-28,d3929fd1ee219974ee73161604a3df49,620
4563,location,2025-03-01,416d13e0adf07e382544abde2c5c7238,241
4563,location,2025-03-02,9eefb03ddc4590cd23be539cd0fef30c,287
4563,location,2025-03-03,0e320f71135714c3cf2a03c094244b02,254
4563,location,2025-03-04,dbff0329f89b8eded139aae307c7f596,495
4563,location,2025-03-05,fe276ad4d95d1cca4e79c496aac78364,809
4563,location,2025-03-06,5bf468ac36cd21995fac41da1c46c2a3,789
4563,location,2025-03-07,5dacaeb03032b5eeb496ce1bf050dc27,814
4563,location,2025-03-08,d0fa98f8ee37d80e17316a320f0fafda,811
4563,location,2025-03-09,bae07efa73cbe84aae539633cb3c3c12,798
4563,location,2025-03-10,15f5f647b8383a24ace86cdbed731dcc,827
4563,location,2025-03-11,942470745049f12e4232a34365aabb75,774
4563,location,2025-03-12,ff9525c32717fcc16cd7c9ad2aea1c22,803
4563,location,2025-03-13,4fd2e3ad3786a2771b38a539818fe5db,759
4563,location,2025-03-14,f40bc5326d6b3bfd8a947a9164028f5f,751
4563,location,2025-03-15,d2cbbb056d04cc3007279d067263e2b0,784
4563,location,2025-03-16,c9a578cb690b6102df6c69bdd372edd6,789
4563,location,2025-03-17,cb147479ebbcd82da834b6b9a87b2cc2,794
4563,location,2025-03-18,ee018f92db249e7cdb22bb9a56bfd5dd,741
4563,location,2025-03-19,2df9db14555f2b33dce51ca9670fd03f,814
4563,location,2025-03-20,5c94cebc9dd9395d0367398475d50784,665
4563,location,2025-03-21,4769b618f47cb2ac3b162eb0e0f120c3,793
4563,location,2025-03-22,f19eea3048be9ff3a08369ec44d875cc,809
4563,location,2025-03-23,4f5dc75d74236328f2bc729e2130adb3,784
4563,location,2025-03-24,6c884567ee039158eebabaf133602690,781
4563,location,2025-03-25,7279f9ab420d71a16ce1f6302dca2776,769
4563,location,2025-03-26,5cb9a1058263c86ae68978ed948064b5,778
4563,location,2025-03-27,20be70d623fa8d7b627f0989ba7f8e3b,794
4563,location,2025-03-28,d185f0f9318bd411305dccb5f078cdcc,788
4563,location,2025-03-29,f45cb63b2ed24cda64c3010762df333a,784
4563,location,2025-03-30,939ab40114a8995275fac3cd0b650f9d,763
4563,location,2025-03-31,4b4029e3429c0c493935242380c649ee,751
4563,location,2025-04-01,dbbd06dd081388674feb18c1a5a5134d,759
4563,location,2025-04-02,61684d3cbaf3cfe976a1125081628a30,795
4563,location,2025-04-03,5be6a12e2b07c654167ddc04dc319718,788
4563,location,2025-04-04,8ae75c5a3f7e92cf1743e7eae5b4ca79,800
4563,location,2025-04-05,5cb43e828d8ceac2be5828d96843c524,784
4563,location,2025-04-06,0512a48edc621bb4187775190f6aa4ee,779
4563,location,2025-04-07,d96625ce671597c7da95bd5c8483df20,764
4563,location,2025-04-08,c47c7150bd19605e225d54128990370d,733
4563,location,2025-04-09,ef1b22ff19a017ef5df9f5251b4c322a,636
4563,location,2025-04-10,fa74cb1cc0874494e053cd98b2ad7850,727
4563,location,2025-04-11,ca0d5e247679a2fde1e5073d83ba9ced,788
4563,location,2025-04-12,55cc5d54941ed6fb17b973d10b55167a,807
4563,location,2025-04-13,a2ad75d6cd8363ccf4cb1b902017d056,772
4563,location,2025-04-14,2e2c4d1df0c15ccd3f81f77b343c8a06,788
4563,location,2025-04-15,5e88c35aaec1e07b0afcc63bdfda8ee1,781
4563,location,2025-04-16,b47d1a55a719b254d54de0441fd21d55,821
4563,location,2025-04-17,38a2e280edec1fcb851baa2f28f1514b,641
4563,location,2025-04-22,e9668166effe71059e497723fa7caafd,225
4563,location,2025-04-23,670faba1fdb6c188f382f61ea4d3e42c,463
4563,location,2025-04-24,a1f69b966a3404170062e0e8d07e932b,692
4563,location,2025-04-25,f4eaecb411e874cb08ff01273f94c5c7,742
4563,location,2025-04-26,b5ed6c89c78bad6d8e92ae8e21b2186a,784
4563,location,2025-04-27,06b66db0c52905f62ea22520e97e2570,771
4563,location,2025-04-28,0d624e994b37b97b94c16b26f10ff2fd,763
4563,location,2025-04-29,284b87ebf2481b8f5d5b16e76d6361c9,778
4563,location,2025-04-30,bbb80371ec7c3d2976d68f546fd48fb7,764
4563,location,2025-05-01,c32900d339d92326970e33d2c2d9b9b5,676
4563,location,2025-05-02,a07d7ce6402b5250f328cf63ac978be0,568
4563,location,2025-05-04,8865915bc5efb6fcee05298a7a76b339,321
4563,location,2025-05-05,9325a77c430ac2f55d6a8cbd95ac858b,615
4563,location,2025-05-06,cceda80f2e36d9c11e799b92a82109e7,735
4563,location,2025-05-07,1400b0fdd5c2c80954a713b1e9c1875f,722
4563,location,2025-05-08,6670fa3f5cc0cc20c5900282fbd62ff8,752
4563,location,2025-05-09,d74eeb2b53023352672642e3fd22dfb9,774
4563,location,2025-05-10,148877b343b65c4049228ba08b5ed23b,777
4563,location,2025-05-11,ac36af4dc58d4b6963a35389a9b34e6c,775
4563,location,2025-05-12,133b6c9776eadfb960ff87be0db874c5,792
4563,location,2025-05-13,1cb79bdf14ebf68cb2a62c7ad71fc9ba,755
4563,location,2025-05-14,49f80ab7898155f748c7e958daa3b842,760
4563,location,2025-05-15,72395ea05d3392a49c3568a2bd52ef2f,790
4563,location,2025-05-16,dd007d7ec960f6359cd5aadc59341efe,584
4563,location,2025-05-17,b207a20eae532700ee33d6940cd795eb,483
4563,location,2025-05-18,0e479a20b31ecc3bce53760725553bb7,593
4563,location,2025-05-19,4c5b8acda2a9a464c362d0d17a2d80aa,436
4563,location,2025-05-20,2a2bf75ecb0b731650e368b4a3bd914f,501
4563,location,2025-05-21,a2687faf573bea3a900415a029963892,764
4563,location,2025-05-22,6a070f543caacbbe1c4c82fa49c731f8,714
4563,location,2025-05-23,921cc58045d79bb546b0fcb06c81d1bd,795
4563,location,2025-05-24,7161b45a3b29eaa87b299fd36588d93b,746
4563,location,2025-05-25,af7dd354c22aab9c9247c411856ed9e6,775
4563,location,2025-05-26,5a151cbf6242c6294f33a01d7a75e468,732
4563,location,2025-05-27,95c26d9ec139176cfd437aa0578ede86,562
4563,location,2025-05-28,ff8fedb64599abe9f7f2d8e88c750917,647
4563,location,2025-05-29,8c853d6a375636649e96386a6c8c4abf,674
4563,location,2025-05-30,46d8ed7b598c8e418b9c9a7e89216759,734
4563,location,2025-05-31,31c8b48d760544d30e8c513b21318b5d,696
4563,location,2025-06-01,e743118281af02608e02425ec6cf06e2,755
4563,location,2025-06-02,756b6f51b3e5a146d66f5d27addc64ed,695
4563,location,2025-06-03,315449cb9bd4db6e0a58d97b890fef26,658
4563,location,2025-06-04,12f5052e66bc56ead01d0aaed40f1332,704
4563,location,2025-06-05,6f8308e717fdc891f170dad55095a4e2,716
4563,location,2025-06-06,3dd7e8871aeacdb8a57e3c02bc603bf0,683
4563,location,2025-06-07,0a9abcb33bb6772536388c9e98e8edc5,524
4563,location,2025-06-08,5459a4c8b2b0c6fe9cba05578955ba19,254
4563,location,2025-06-09,5129cf6653197f8672434c0ad635eb7a,625
4563,location,2025-06-10,613b66f89e6c2712a0df7101c793f920,702
4563,location,2025-06-11,fa427d2bb1ef2dec9cbb2270319fd100,725
4563,location,2025-06-12,92a82530f209cf93be6dddda65c75dc8,593
4563,location,2025-06-13,789f0938bf5bf72dc125287b71617a16,525
4563,location,2025-06-14,29bacd6972595d7a41813e6018555175,768
4563,location,2025-06-15,a15eacc68fb3b4ca4715ef1e910d079c,594
4563,location,2025-06-16,85ffa5f1dc2a86a04cc2669e60367d25,550
4563,location,2025-06-17,1834c8a7da0a6a8e81af0113a1d4f617,357
4563,location,2025-06-18,d19260d474ba7432c8c1ef041b954ca5,681
4563,location,2025-06-19,cee6315412e8637fc2011b39d8e63768,539
4563,location,2025-06-20,603ce5d129bf019cfea908ad369d0b7d,488
4563,location,2025-06-21,92333bad51e1930d461e59e88eb4aafb,778
4563,location,2025-06-22,d19cde31a67c209f8b3a000e9bc8c7f0,731
4563,location,2025-06-23,178ef2f60bbea00006ad63c3072fb478,641
4563,location,2025-06-24,b58ebf629ad8ebdb1ec532a0be42e9eb,657
4563,location,2025-06-25,1ce711a17cfe3c33ce948c2291925fe4,760
4563,location,2025-06-26,c40fc32d7d45e3a39e88eefa5f411f60,789
4563,location,2025-06-27,384855526574e709d8bcb811e63f45a6,746
4563,location,2025-06-28,267412e4529d6cc4ab3bde04f69b6de8,754
4563,location,2025-06-29,f2109520170a95c08f927c1e6a431e84,756
4563,location,2025-06-30,ec8110660931041853fe62892d7260a8,773
4563,location,2025-07-01,b65fc1a836bcd462184703e89a3fd1e1,735
4563,location,2025-07-02,2dfcc4151e9b097134f67be923c7e1e4,752
4563,location,2025-07-03,e226dba520d64b6de799623a1dca87b4,716
4563,location,2025-07-04,acf6e4628519a83b1d026f337b715670,776
4563,location,2025-07-05,7167d87a27142f2cc77a3368f3fa02ab,743
4563,location,2025-07-06,dda498f57ec2ede5f2483151143d0fca,771
4563,location,2025-07-07,4ee9ad4f8b613e6d5a129b519883e49e,720
4563,location,2025-07-08,cff23b01bade8aaef4950d79cd33dad7,700
4563,location,2025-07-09,9e8ae94990225281ee0b14abf05dca28,717
4563,location,2025-07-10,72c7931e4588b9222d07515fa988e829,605
4563,location,2025-07-11,b8862a2280f66378357184f78ca49b0e,666
4563,location,2025-07-12,4911fbe5974038c9d582ec0e9eeef959,739
4563,location,2025-07-13,ecf3e54765c63d482d6aa4517fb90436,732
4563,location,2025-07-14,83b390c36d6b7bb1696d2784b19d5320,750
4563,location,2025-07-15,1f96bd66d6ceb9a29fcd5b5c7bd3d6c0,731
4563,location,2025-07-16,d34d73b05cf982c33a8186f8c8e48ed7,736
4563,location,2025-07-17,37428a2e9f574389da07d5aec8cc7c2d,711
4563,location,2025-07-18,cbf02c97ba3276573596bfcc17c9838a,754
4563,location,2025-07-19,f15550bf688ebdf8a1023d3ca8444207,755
4563,location,2025-07-20,465138eb475a0b9faa3a059a7673f5d1,784
4563,location,2025-07-21,1445e3014a0a29123e72497fe2073361,720
4563,location,2025-07-22,f6f93b6d170751d4c88b73b55704e5c8,741
4563,location,2025-07-23,9c755b26fa05d6760f9f5f0a6f5b4d62,757
4563,location,2025-07-24,887f31796fbaf9d040f8d38343941426,739
4563,location,2025-07-25,a96e54427f8d1537f6bfc4a6dde3ede5,744
4563,location,2025-07-26,4a2b631d7ecd79d6fcd6dc53d2e8f86b,768
4563,location,2025-07-27,67d06821aa98274a0730cede0abca86b,742
4563,location,2025-07-28,b0f029d99c46b68e878f7bb0b7ac510b,705
4563,location,2025-07-29,7e2f15065183c4114e6ec62c5e3351c9,752
4563,location,2025-07-30,02a6334954247171038d7011bd7df907,760
4563,location,2025-07-31,71e96caa11e5c2069d88c17deda1deb4,742
4563,location,2025-08-01,482bd31e75d9b1a4a177936c5012cffa,732
4563,location,2025-08-02,fba466128f70538d76f3363398e739c3,735
4563,location,2025-08-03,ae51354f79af79786114f54b85292426,727
4563,location,2025-08-04,c19d00aa690c7877612b1056fdf4cad1,678
4563,location,2025-08-05,c8a17fdd0f8e534c4b0badb202fde01b,741
4563,location,2025-08-06,cd79186724cf5ab763d2a439f200083f,767
4563,location,2025-08-07,d654d8a4114772c95f88bcbe3db22d5c,761
4563,location,2025-08-08,db5c8b2591a105f6ac443bb9513c8ef9,797
4563,location,2025-08-09,0cb0c58d810c9ad7e614f75991ba3099,786
4563,location,2025-08-10,2577d0f525fc9d82ed39235f5c9145dc,752
4563,location,2025-08-11,6e32a513b43b4be2131a5284516602df,785
4563,location,2025-08-12,9ce44a136ff600389a9fe77e93905f8b,782
4563,location,2025-08-13,964af5b87fa3e8639cc03e10f84ad879,767
4563,location,2025-08-14,635c60f29ab29c4d6ff7e34dd61c9bd5,787
4563,location,2025-08-15,391c92842ef5c6dfca1e496dd356e43c,772
4563,location,2025-08-16,1414342979b5ea7a5d1b71136a3ff2bb,774
4563,location,2025-08-17,3f05af79168313784864eb2cb5fc351e,762
4563,location,2025-08-18,6a553f4d28f2d43ddf534ddb556921ad,800
4563,location,2025-08-19,70824750a66a2a431c7217da5f0bef79,784
4563,location,2025-08-20,83a94272c72c8436ef538ed96fb6b3a9,798
4563,location,2025-08-21,64c80d9f8b8e6e6cf66f9d1345a6a783,771
4563,location,2025-08-22,bc436fad2a81685a8a5e6ed8a9ef1b85,797
4563,location,2025-08-23,75ee1c26dcdc2c503a03c96965b91cae,774
4563,location,2025-08-24,0392121eaee9fb74415602eed2d14949,752
4563,location,2025-08-25,275cd77ca20d9befaa345525da043e31,777
4563,location,2025-08-26,15043333e70460f6599fdaa3be1728ab,639
4563,location,2025-08-27,66c0c71ce3af90362789f43b2b240621,774
4563,location,2025-08-28,a7ad6bad3b31c2c3ad0a4a1a33c06ac1,781
4563,location,2025-08-29,1f59fa21f8dafa948a459acf52dc67d5,789
4563,location,2025-08-30,a1d0afd9a66d5481eeb11742b00fb54b,731
4563,location,2025-08-31,18097f20ba9033ee8dbf5bd39f187031,757
4563,location,2025-09-01,142434973a7c52b72b615808564b4726,780
4563,location,2025-09-02,862f9a5067f3c24a56a4ac656b069078,764
4563,location,2025-09-03,146c4dbdb66f64e1a52796f4bd155eb1,759
4563,location,2025-09-04,2edf25e1bb886d391fa5aa398d1596c8,735
4563,location,2025-09-05,4f51cb9cfef4da87271699cae2c04163,745
4563,location,2025-09-06,00155288ef0d19acf3f0fbfde234578e,756
4563,location,2025-09-07,e4f4c57536fa0f1f5be75df1bd9312ad,742
4563,location,2025-09-08,4a4c97b7307b445f668518d6c92b8235,802
4563,location,2025-09-09,bee9a12dd27f9fd87eda7ee42fc82afc,809
4563,location,2025-09-10,13c2fa462500f938c9b96a051778869c,802
4563,location,2025-09-11,e39706f751f37976844a9a9f6b3ef42c,727
4563,location,2025-09-12,b06b9b8f9632a6065cd7a468176abf96,768
4563,location,2025-09-13,3fae6cf54fb2709c28ea0e18291d3344,771
4563,location,2025-09-14,abaab8d1d7fae88ee4a7d780b0289862,759
4563,location,2025-09-15,a734ebc241a0fddf0436c283a7e3871c,767
4563,location,2025-09-16,505432c9d3a388a5623c82bb1a12e636,765
4563,location,2025-09-17,7e5320acb3c8b02bf49e99fc1a723598,749
4563,location,2025-09-18,fac3785d255f5f16e817c66fdd913616,746
4563,location,2025-09-19,044cd76c68dd729e22861c36b3254364,791
4563,location,2025-09-20,dc483229120c10b17e17cee552f208b0,781
4563,location,2025-09-21,e41a48063a18f88466eea6899d4aa9bb,768
4563,location,2025-09-22,3f5341b2f3214756295d9c95d7cfb841,788
4563,location,2025-09-23,3c481ae9719ac5d6efd4bf5e7e9ce7b2,770
4563,location,2025-09-24,9e1acffe68b20c6a866b02eeb18444b0,544
4563,location,2025-09-25,935eec66f0b1ff58af8cc199827afa89,413
4563,location,2025-09-26,d2db12a0c7a80302c6ff2fe4e0201a9c,413
4563,location,2025-09-27,6e3efb249ad132c8c4c80a44dc19af34,413
4563,location,2025-09-28,9c818bfa8eff49acd53b470aa04c6892,413
4563,location,2025-09-29,499bff0a4a369767e47b8fc56e289491,413
4563,location,2025-09-30,e769b234c1fc637f5eed9a0e78c798cf,396
4563,location,2025-10-01,ac00f4626a1f336c2ead1329dad84e58,334
4563,location,2025-10-02,647cf7db289750b69ae67ee45b1d3960,667
4563,location,2025-10-03,79bd6aea8a931c7d39adf38a010d19da,713
4563,location,2025-10-04,cb84500377ae9e8f976c961076d379af,649
4563,location,2025-10-05,7a7e2f76f8255a091bc6b05ab3aa94d7,511
4563,location,2025-10-06,34fdf90fc88e0d96acc308d18a2ace8e,363
4563,location,2025-10-19,6324c3e37e33d17da31ac7bcdb38ef26,310
4563,location,2025-10-20,2ec2a66ab8ebe72edbbd37087fd1dd16,347
4563,location,2025-10-21,eeaa672adbfe34fa44ed231d6f3d958c,344
4563,location,2025-10-22,3fe5b3c5a27210dc397491bc9b2fd24d,688
4563,location,2025-10-23,fc2b2293dc5bcc0855ed6cd399fab30a,769
4563,location,2025-10-24,f8569d1521389ca6612a1b27ab7fdffc,754
4563,location,2025-10-25,ebd5eb00578a5a8dcfd051f6ca3284e3,733
4563,location,2025-10-26,a9f2c5c4bccf206370e34aa4cfca34eb,753
4563,location,2025-10-27,baf0020d6a7b3ce54c2bf000e240d5e0,758
4563,location,2025-10-28,4033cb20fdfd2fa719e5fba89d8b435d,739
4563,location,2025-10-29,e4227ace40d1089bfb6e215df6db7d38,792
4563,location,2025-10-30,ac77c05d0abe241ad1814b61f5645351,787
4563,location,2025-10-31,ab754b82db850c08b7762368d6661dc1,525
4563,location,2025-11-01,403f048dbe4704c5d7edb51e92ec022a,512
4563,location,2025-11-02,144d99bcec3ec3ce7b11fc5cfa6b3065,780
4563,location,2025-11-03,22dcc29c281e7eb9ab3fbc51551cf416,756
4563,location,2025-11-04,2df35627730ee3dac145d148c220a45b,806
4563,location,2025-11-05,46f6dbe795cfebff705423228c781a16,793
4563,location,2025-11-06,c68a1ec4f9aad8c7353a08e120ead51e,728
4563,location,2025-11-07,2d4de063e9a6bd99276d4b4fb6f54740,732
4563,location,2025-11-08,ba30981678dee41253dd38a3082aab5a,824
4563,location,2025-11-09,d83d4ede116390a5780711722382cbc7,835
4563,location,2025-11-10,26ff8c71eee131c0cd7d5df3d24aaad1,824
4563,location,2025-11-11,106a600edf5751c26502d19988e23014,802
4563,location,2025-11-12,10744247458e18458f07272fc1255cd4,802
4563,location,2025-11-13,83e63f9ab0aaec97192e9ce033d416f6,743
4563,location,2025-11-14,3823c63cbb5bcb5ee0fdcf40e86b8993,776
4563,location,2025-11-15,4180e2cd7460ca0c8c69db756b5d3dcd,781
4563,location,2025-11-16,5181d00a810346bd5341c66100f9fc16,791
4563,location,2025-11-17,021144646a2fcb19eb434e71009d61a3,749
4563,location,2025-11-18,ea175d8601cb22dc639b19d82afc8887,723
4563,location,2025-11-19,ac72419a4773e1b794d085699dd4cc33,795
4563,location,2025-11-20,b54befa2b2d271aa651c6086304c56b6,757
4563,location,2025-11-21,9aff77690ff9877c52e42d55b516fa06,797
4563,location,2025-11-22,b6543c2c5bb626c149bc660669c04eba,763
4563,location,2025-11-23,cf6c34e3d810baf1a76a16e94998a9a1,739
4563,location,2025-11-24,5e4e5e903809fffcd33516d9ac198039,761
4563,location,2025-11-25,5ddb7d1cd805662fca7d4a1736940abb,545
4563,location,2025-11-26,0b40ef9d086c29a6832339b332ee7dda,653
4563,location,2025-11-27,ee6f1561716c76e234631c580ea036e8,648
4563,location,2025-11-28,bfedf9989779fabc5bb2a8516b1b6005,412
4563,location,2025-11-29,4f1298bc9b765bd886c1ea769a845c40,265
4563,location,2025-11-30,13582632240781998cbf5c83c56bc864,281
4563,location,2025-12-01,34e32302a85def4d42715dddbbb093eb,643
4563,location,2025-12-02,865555a4695d818b862904e4f1b7c9d5,700
4563,location,2025-12-03,e653de9d823680b57df3c4e6853ccacf,780
4563,location,2025-12-04,3b3b4025e9884fc0b6fd5fe14dc4bc53,765
4563,location,2025-12-05,287a39940cd0f24d26f3313c66a0a354,752
4563,location,2025-12-06,3971fea200ac4ee456c1b048ad22f03c,796
4563,location,2025-12-07,367e5f5a94484cd931eb49f6401c1f21,796
4563,location,2025-12-08,b6dff1c793673994d2476ff889d526be,795
4563,location,2025-12-09,397f2bbfaf73f9845dbda5fafccb1937,776
4563,location,2025-12-10,7104bfe25890b6d7d58b96fff0f5b35b,771
4563,location,2025-12-11,849ba44dfea75d9cb513e8bc844e5ba3,758
4563,location,2025-12-12,8439677d6f0c741f48fb7e74a5072d53,815
4563,location,2025-12-13,7b6160b967b0ac6c6f83ea5202ce8644,717
4563,location,2025-12-14,c5f3aeb279e1a07dc1b7cb75518679aa,770
4563,location,2025-12-15,5ea37daf95e359971076222dd2746a8e,752
4563,location,2025-12-16,b340b31a83f9937c1cb96e0d46a0e893,767
4563,location,2025-12-17,94b21a808aaf647abbba70ac16276720,818
4563,location,2025-12-18,e57e11815ca4e67d45d141a5ffc6b252,682
4563,location,2025-12-19,f76e1428e1c739cf7255620640540c55,751
4563,location,2025-12-20,239c4962cbc421b40ebcc86d816877bf,794
4563,location,2025-12-21,cc72ffbfa42c89bbf24bc9c1c1e505c5,794
4563,location,2025-12-22,400d70efa6e67f2da50486c24f12c79b,784
4563,location,2025-12-23,eb2ddacf36c1230b488ad29824b1f354,804
4563,location,2025-12-24,43916c0f04d0099bbe387098ddbd9797,815
4563,location,2025-12-25,5eee60aa41664842c815d82832b433f6,743
4563,location,2025-12-26,8dd3dbba2b37cdbed228f7b90fa65fd0,784
4563,location,2025-12-27,4cd38f000eef7578960541414c370033,713
4563,location,2025-12-28,27d23581ecfd3b53a47e56152aefaa31,640
4563,location,2025-12-29,d8172880d082defd43e6108d4e79b117,786
4563,location,2025-12-30,04a09e1ac19d892706e26f07381b56f7,778
4563,location,2025-12-31,cc34577d19c75ebe674a6723237d3a10,778
4563,location,2026-01-01,f1cf77459df5d9a2412cc0557c0b7d0e,713
4563,location,2026-01-02,e8b486117a651d5a88a2aaecb9d624e4,690
4563,location,2026-01-03,d7306983a692804cade56c4b010d257d,777
4563,location,2026-01-04,bf2fc6c51a659f48ef5877d9a44d8c42,769
4563,location,2026-01-05,13927bb9c45ca6c30a9f67d789b46ece,792
4563,location,2026-01-06,e6774f63074d9b3f8df377a7b088aeec,775
4563,location,2026-01-07,76b3265e1a369b3f542dd559114dee6c,415
4563,location,2026-01-08,008363772c11bc7a66599ce4aea1118f,430
4563,location,2026-01-09,c59c954446821ad0ed2b722302ed8021,505
4563,location,2026-01-10,d03b63a4e557957e394186fc109e09f3,472
4563,location,2026-01-11,fd810f98f6209b4d3deb978555158441,532
4563,location,2026-01-12,b647e194a6051cf125e4253d80e8c151,550
4563,location,2026-01-13,a364de6f2b592b3bd9d3a2e296ffaeb1,642
4563,location,2026-01-14,5f72edd3c43de4e0c9cf01e1bfb98dba,708
4563,location,2026-01-15,54a534cc81060ee7bd9d89e4d39e5f49,706
4563,location,2026-01-16,a8f5623848eb622e5a4d0a42f00e04ff,608
4563,location,2026-01-17,38b20327e3c5cc2dd7d8d1ccc8a7f03b,585
4563,location,2026-01-18,03029fd0ee895b62747500decaaa7c6f,584
4563,location,2026-01-19,f75a08ce227dc90aae9fbfc0ffa6057c,668
4563,location,2026-01-20,f296626bbce2c31a59a756a9f46b0ad7,677
4563,location,2026-01-21,3348de183054821087571bc02dfeee13,653
4563,location,2026-01-22,def970f4613a0b70bd11f2012ab4bf19,632
4563,location,2026-01-23,2f2b6769bd6f894e207ef74721ee4894,660
4563,location,2026-01-24,fe41208a0c238cf6f8504f7b0552fb27,766
4563,location,2026-01-25,2e4bfff23b480d5851e77f4ce32a5ac9,675
4563,location,2026-01-26,65f1e208d0a7e554e01a136936198954,783
4563,location,2026-01-27,c6307ecb329406e1d9bc832b64faa26f,820
4563,location,2026-01-28,cf9b3a263a1eb12e346d5cfed8f5ae94,668
4563,location,2026-01-29,e363d9326213c61aa24eb7584d676e75,782
4563,location,2026-01-30,bc0ada82a6c86b43ebd3f114280ceb16,792
4563,location,2026-01-31,591a58f5d9657c5cac392e8ff211dd7e,795
4563,location,2026-02-01,d1ec9e55fad719c4986f9c55b6a27f2f,787
4563,location,2026-02-02,989cd3f6866b668b5b2c8b22ae5406a4,772
4563,location,2026-02-03,782a406c923ad8f744eb89b2b92c49b1,777
4563,location,2026-02-04,f8da8c53d024a018d7640d7d3f134c28,823
4563,location,2026-02-05,93cc585cab116fd203c1fed177cb7b6b,758
4563,location,2026-02-06,a9f5a54dd3fb3ec83d38383fa3c9a17f,767
4563,location,2026-02-07,9601334886dbc509bbc2d17deb74787e,814
4563,location,2026-02-08,0c49cee35d1c8119b8a6016767d4e516,820
4563,location,2026-02-09,89503f63e836a0c2618142e2e019715d,800
4563,location,2026-02-10,67523e7abaff10fade00dbf0b897aa1a,772
4563,location,2026-02-11,b1f6367e0e4eb21c2821e4cdd839b85b,714
4563,location,2026-02-12,09e4bb4a105820f245459313dd0cd679,794
4563,location,2026-02-13,d2ac5bb02043a2dc2053ace135597924,769
4563,location,2026-02-14,eb28325b08f60fac9857e1c7c6f54563,799
4563,location,2026-02-15,8eb32e0c37fcc13be95e8110978c3073,788
4563,location,2026-02-16,ac980b83cfe55dcd1655af73ce50338c,787
4563,location,2026-02-17,63161279f9b6e8182f7d81fd7345811f,785
4563,location,2026-02-18,68eb39e82604db0bbaa17d868ac92291,791
4563,location,2026-02-19,d73571afd0a95d3f57f92c569e3dd4fc,628
4563,location,2026-02-20,664619f731d3bc614f706f0396f6d0ee,639
4563,location,2026-02-21,a3e1c4d345df4776f8d8b89820acf337,774
4563,location,2026-02-22,d790964e46b13a43b09d3283cb8cb98c,759
4563,location,2026-02-23,93e1b6fd23e79b89903d816d3f13d5c8,743
4563,location,2026-02-24,83b66643e5386ced3ef2c55b0a929d0a,775
4563,location,2026-02-25,a8754e5af311ce59c89b75c3f086a153,817
4563,location,2026-02-26,0df0f84b2e25b0d0330578d4e364f106,796
4563,location,2026-02-27,46852905f6f71a0a606e9b2d8171265c,801
4563,location,2026-02-28,1b9aaeac8bf47a8352bab9a02d8c0007,766
4563,location,2026-03-01,ea66f36cbb846c24a9081ebe50da6105,798
4563,location,2026-03-02,0b2d9dd81ec42f28b2cd68278576bf2f,828
4563,location,2026-03-03,97756913eb3512717a10ea76b3812c08,806
4563,location,2026-03-04,17640f107aa86882fd4d477449985921,840
4563,location,2026-03-05,13b4d0e6abe0d2bcc19ad0d3b18e7bdd,789
4563,location,2026-03-06,bf2122ac64473e96a515f04427149b01,808
4563,location,2026-03-07,71abb1b0e57787b786457bf1fc0ab641,818
4563,location,2026-03-08,bd8deddef18b95d8dd14238a2bed62cc,814
4563,location,2026-03-09,0168ad956e201c52eff50e96cdff4490,803
4563,location,2026-03-10,15a968b6ed81ff49f4945d8e89a3b105,823
4563,location,2026-03-11,32991cceb7caeb69e57d5d0a3666b3af,801
4563,location,2026-03-12,b70c206d275f5c4a9dbacaa085449677,802
4563,location,2026-03-13,e3b412e68bda6ea75481cab04c95bc95,781
4563,location,2026-03-14,c0593519b1dac0ca9b4b83ecd3a8806b,796
4563,location,2026-03-15,823b9625bcee598686fd343a4956f472,766
4563,location,2026-03-16,77f34d7e3e82333cf8800c5b1271a146,806
4563,location,2026-03-17,b8b6ef240ba1ab0b2e2a5e3edf52ab18,797
4563,location,2026-03-18,7e2782e3e72ff29f1b7b05caa22233cb,781
4563,location,2026-03-19,07ff5c39b6c700699e0f4c74e9ddc3a2,796
4563,location,2026-03-20,338585417b2239523caf3200b5f3edb3,806
4563,location,2026-03-21,9cc7b777b756e893805f63337410f50b,773
4563,location,2026-03-22,8179e44031e7167b7b9d23fa1d9e2b83,800
4563,location,2026-03-23,e5d0e0c57c3085efe5154ddba7571e47,802
4563,location,2026-03-24,aae57b7f7811eef114079c0d2cdf200c,786
4563,location,2026-03-25,53785f7927883592fdaf0f2c40437fd4,798
4563,location,2026-03-26,f3ccaf254e6086a4bdaf85c0706dce93,773
4563,location,2026-03-27,6246bfa78235532b4f67bf49cb727cee,788
4563,location,2026-03-28,9a5a4748bc6a36618bb3d89295a539ad,771
4563,location,2026-03-29,fd8b821c26816a964045ffe3569afca9,764
4563,location,2026-03-30,2390e140d00cf54062b218174ff40a0e,773
4563,location,2026-03-31,f62991a1f3b9438d7792752296ff8661,793
4563,location,2026-04-01,d952658c331a6872d0a84df46b90d328,805
4563,location,2026-04-02,7980c3611613d81237b18929c30448fa,777
4563,location,2026-04-03,f50c20714ae4f71abdc18cb21203cf45,776
4563,location,2026-04-04,d9c536efac7f04f614f9989fa995f179,765
4563,location,2026-04-05,6c83ed403cd141253957e2278bd2f5f9,783
4563,location,2026-04-06,248eb02b906b2c67f8da6814b028ff6b,783
4563,location,2026-04-07,53f7d6979d0c96f00be01a8bc5eba1a5,796
4563,location,2026-04-08,87747004ecaab26bf7a247ea012e81aa,723
4563,location,2026-04-09,173a14a5338381a4d14c51535944590e,776
4563,location,2026-04-10,0f0a7bf855ad54b7a171433588b4fc2a,797
4563,location,2026-04-11,1d50118ae16b6165ebbe987b532894b0,810
4563,location,2026-04-12,36793662ffcb5cff2f5470f2ab402c08,789
4563,location,2026-04-13,3a8ff5303de9ef1cdefcf120c79f28f1,794
4563,location,2026-04-14,0e570d4e8b29575a8645b2d7f446fc50,800
4563,location,2026-04-15,9e144ee2d8e2bf9328e88f0e416d7b0a,826
4563,location,2026-04-16,5d15dd52ac342a5dfafde40802f60f34,780
4563,location,2026-04-17,e31d3dad53b251c7c932b86b0175610d,816
4563,location,2026-04-18,8f96b0ffa2ffc36e897f8a0af77242a8,800
4563,location,2026-04-19,833398d3a926d5933adb34760d4b30bd,538
4563,location,2026-04-20,3283462f3b75736e9d5e56b78b3c8266,774
4563,location,2026-04-21,68b4e50107671d4717bf8e34a46eab76,766
4563,location,2026-04-22,81dc9f58a099b4c92b41e95856f8ecfa,788
4563,location,2026-04-23,5c467c029a3f2585491af80f323f3446,778
4563,location,2026-04-24,0a1325f344df41f7c95512f2ff0470ef,789
4563,location,2026-04-25,8db5d7d27d180f60d59d4551309ff6f7,780
4563,location,2026-04-26,01bba8f478fa5259170f337a940e1c1d,794
4563,location,2026-04-27,07a31e21c09b8d873ea0f55678ac63b3,798
4563,location,2026-04-28,225299fe40b14a61b0f5ed59840bcfc1,583
4563,location,2026-04-29,dc00276e7dca27090ec57423fdcb02e0,561
4563,location,2026-04-30,445e2363d1b970113cbdc65bf55b7b88,680
4563,location,2026-05-01,aaca4c80b92f1b1a643e0e32d64824e0,783
4563,location,2026-05-02,57ec7387685f9215206e5e880e767203,791
4563,location,2026-05-03,b5fb71ffa2536234e1f55d9c81bbb4de,586
4563,location,2026-05-04,ec9cd1325b4fe260a94cb0c5bc90e701,752
4563,location,2026-05-05,0768cf64481d858ff05a2330f0ddae6d,789
4563,location,2026-05-06,cf46545382ed1c718812972162897d87,759
4563,location,2026-05-07,9e2ac14a7f552598e47d14d9aab8e877,748
4563,location,2026-05-08,f87b84b996cbfd7b6772eda19ea0d93d,777
4563,location,2026-05-09,031cc04196bed178497d2fbecdf1db1e,825
4563,location,2026-05-10,f1901d59025827acbeb8d70acc2876b1,795
4563,location,2026-05-11,15add245e977bed89e8eb591451a8226,778
4563,location,2026-05-12,79bd5e369690e7da498e2b0f67e014f1,762
4563,location,2026-05-13,b57410157e2dda4684c77ec6b3b490b7,769
4563,location,2026-05-14,62fb7439df7772b8d371c01c8ecbc88d,744
4563,location,2026-05-15,b8827fb61a3afe6d8f801b378106964e,749
4563,location,2026-05-16,7df2f39b10ee6602addda86255813b90,776
4563,location,2026-05-17,f37bb18ee93cb094a835c55f4fbf0a7d,760
4563,location,2026-05-18,ea5b779800f1f8f343d6c439ca4e1cb0,785
4563,location,2026-05-19,99fc5f583e74de80311808d8d9a2d68b,782
4563,location,2026-05-20,057aa4a4a5837338cf761615df9cad5d,790
4563,location,2026-05-21,1e7c9d5912eee109bf35abfd17d61403,797
4563,location,2026-05-22,7c16bafdd7136ce6b0a1d75c458ccb24,791
4563,location,2026-05-23,b698c88898d1a54d64a4c35272c949e8,801
4563,location,2026-05-24,fe21f52b850bfb5d9c6d5cd4824eb0d5,754
4563,location,2026-05-25,c3323462e40454cdf335191b3fe79243,570
4563,location,2026-05-26,a45f835218a29ffe337e114e99e7e5c7,676
4563,location,2026-05-27,3dff95d785ec6eec33bccd568ad9d40a,736
4563,location,2026-05-28,8b96d90472431dd069be7ce6e9836f2e,713
4563,location,2026-05-29,f37e2336eba6057dc919dee7a6db2569,738
4563,location,2026-05-30,41ea4825e0202e4e4e817356dcbd42ee,733
4563,location,2026-05-31,8c42b7e432340bbccb0d4cc8adad417d,735
4563,location,2026-06-01,6ff2c1d32392542cb434a4b8658ed02c,739
4563,location,2026-06-02,a3a880babf38be88ed6d8c3f8fcd1e2a,747
4563,location,2026-06-03,1973bc4e3a8691b78eff823aa0eaa6cc,723
4563,location,2026-06-04,4867d8eaf26177e694a6fb2e42cbc8cb,696
4563,location,2026-06-05,6a0ed4878b0c6779a8612374a75e90ce,697
4563,location,2026-06-06,7eea928efb9f2efc929156a3106659f1,731
4563,location,2026-06-07,0a11167073d38aacff310c94d9280a23,734
4563,location,2026-06-08,aad6cd85445c589a1545a0c766438239,581
4563,location,2026-06-09,4b48a2918b956eaf19d9519cdb08e1a1,510
4563,location,2026-06-10,0fb62bc3bb2da6d0093e643f634ab833,437
4563,location,2026-06-11,7aec2262f0ad966ff6f5c351b70366ca,503
4563,location,2026-06-12,a4f65f183ff6ebc6d1bf32c3f58eab09,506
4563,location,2026-06-13,7ce762d51c8340e544de2cb38bce9f0e,391
4563,location,2026-06-14,f14100519b9c5d93c92c8199b07429a4,652
4563,location,2026-06-15,fe1cb72b7f1bc67a80503577d7d02645,579
4563,location,2026-06-16,9691cbf4db50936aeea7afdcd5d34039,604
4563,location,2026-06-17,0ad5b1516efa03522e2a830e51547f06,741
4563,location,2026-06-18,1fad3451e1f2a75d1726bd9ae49e8957,721
4563,location,2026-06-19,83261bbd39de881d00f973b11872b8d2,731
4563,location,2026-06-20,02077c9c672bd75a3141bcdab482670c,747
4563,location,2026-06-21,69d03e8de468e34419500adeb8e4d65e,654
4563,location,2026-06-22,a895f4dfd7f2c523546e99752d4c275c,613
4563,location,2026-06-23,c6f6a05ecd638299a72fcf3d5b554435,691
4563,location,2026-06-24,839beeea8609fd43a7f4c3f10f30b8b8,751
4563,location,2026-06-25,a226547bf2bd0ff8ada0d1392b30b564,746
4563,location,2026-06-26,cb1454c71812a2b52d048e3c9880a247,719
4563,location,2026-06-27,ff2ae530daf3c5ba256d450d9b1e2c97,722
4563,location,2026-06-28,3f91a6367c31be402238a6c63b4090e7,740
4563,location,2026-06-29,9a864cd59f781e9f7a2c7306fc1578b3,752
4563,location,2026-06-30,ec00617175144d4ce3f9182059a35392,758
4563,location,2026-07-01,3180c1912b9323d3034453723a6eee4b,740
4563,location,2026-07-02,158693a67567fcbc28c98fce4e1be443,744
4563,location,2026-07-03,1aaf47848ada69f9a8cb646ee8cb57f3,687
4563,location,2026-07-04,cb44916bdcd057195ee7beb9bc888cbc,739
4563,location,2026-07-05,efa48b77781e9ff9e3d8ca916f20b712,744
4563,location,2026-07-06,3641e165994e778757e8ea2f325029af,656
4563,location,2026-07-07,b5f25e700c96cc51d563017cb113de76,643
4563,location,2026-07-08,fa1799a551786abffe2ae6bc15deda74,738
4563,location,2026-07-09,bdb56b2eefe9e2c0bbce09e47d809062,740
4563,location,2026-07-10,a810e350f48304cefc84577798260c48,691
4563,location,2026-07-11,7f1022a121cdfa93d29b57b556cbad28,737
4563,location,2026-07-12,93920decd6590d6f8ecf1879b863ede5,719
4563,location,2026-07-13,a0287c15056bbd71fa7211f353df6c26,738
4563,location,2026-07-14,55cfb5fdc911afe5dbf0fbda04d95ba5,740
4563,location,2026-07-15,0c7a1ca7809dc2997ceabfe0d847c315,741
4563,location,2026-07-16,eb2edd123ae37f1bbb9119b28ec6b8f1,723
4563,location,2026-07-17,8096849edcb9ce7048d1cec405261728,720
4563,location,2026-07-18,0d94c8831128123d670cfd0ef69b1194,743
4563,location,2026-07-19,39f927969237cecf0979ce7b6e01eae4,746
4563,location,2026-07-20,108eea2c3de6046a632b6c8cc9493376,672
4563,location,2026-07-21,94d37e3b8082a0aa6cb8412bbcd3079a,739
4563,location,2026-07-22,9c62d44ef0c0f6812ae00836fe81f6f3,730
4563,location,2026-07-23,574ad4816cb803c4744bba58f164f854,733
4563,location,2026-07-24,17787ac9121935707c30c054687c45d8,739
4563,location,2026-07-25,521aa5e3e0b8aa9bfe71cf9adb5085f8,739
4563,location,2026-07-26,e1be34c524f2a53be95c903c9429cea3,736
4563,location,2026-07-27,e235bc7f286dd398daef26f701848dfd,648
4563,location,2026-07-28,d24a2e04720792ede0f3428f5e1bf939,723
4563,location,2026-07-29,37df2cc44641a1c0d2a3b06283f0fe4a,734
4563,location,2026-07-30,71c531e9e3a666f500adab68eeed7034,730
4563,location,2026-07-31,a430afcd09e9fece043d563a95d90509,740
4563,location,2026-08-01,6f29ac760c283df7b608aad8ed1ba263,729
4563,location,2026-08-02,3fdb91f1b6d6cadad5fbffc92127678b,731
4563,location,2026-08-03,3c7b19f433c47e1f5906903e2ba246f0,737
4563,location,2026-08-04,03b1b5b18057705f9753bfa3d59af50b,748
4563,location,2026-08-05,c447a327d337905cfc9455fc44eebf71,757
4563,location,2026-08-06,b6b6f8a920587c0772045973108c94b7,724
4563,location,2026-08-07,b5c164810b9f21d05b012250ac7f6f38,747
4563,location,2026-08-08,fdc8229b8959e6bd8de904869aa49bc6,728
4563,location,2026-08-09,212fe65c038c003a9dffd3fcfd35bb61,602
4563,location,2026-08-10,89f8eab5fa1101f6b9dbd0bfef194cd6,690
4563,location,2026-08-11,1cee6ae4e6bd908121dfa6b07861963c,737
4563,location,2026-08-12,fa82505c453a3dcc608f19d03191263d,724
4563,location,2026-08-13,27f04cb2cf68e14f8c59406863e8d26e,727
4563,location,2026-08-14,f31cd1b4d47f0591c5aac46ae6ee6663,650
4563,location,2026-08-15,2ff3ba72113e4a93da9a037162a692e5,741
4563,location,2026-08-16,0df221092897dfb9a312cc0f0c0aaea9,761
4563,location,2026-08-17,0259a4a386b97440ef65fef15d9fd830,743
4563,location,2026-08-18,68604c74733efd304a4c32724bd606c8,733
4563,location,2026-08-19,9f0fbfa82d8a142045ceb6aa05f96e76,733
4563,location,2026-08-20,387b4a65e79e55a8940f07651451e8f9,741
4563,location,2026-08-21,6e7a567dbd38d829108faf9c73bbc7e9,763
4563,location,2026-08-22,9fc3d7d25e49be1e9e977df28bd9a0a9,719
4563,location,2026-08-23,af3ca9099ba9aa5ae41a0af54392b549,641
4563,location,2026-08-24,570ee468f33f6e2f2a05dcfa95fe9f08,755
4563,location,2026-08-25,bd107198f6eda7dcb5d37a0a4487626c,735
4563,location,2026-08-26,5afe878c3917cff95ec415d76d4c6015,765
4563,location,2026-08-27,d58631e0373bf00a2c08fc4de8bee043,755
4563,location,2026-08-28,56a8887443f6865b8af0f783df19b40c,731
4563,location,2026-08-29,17471698285e72c6ea39bc32ab7ae1fc,739
4563,location,2026-08-30,2d1da846d39347eb44739ebed272031e,503
4563,location,2026-08-31,d0fdeb08ba43f79853ff78d22570e633,757
4563,location,2026-09-01,c08f4f6a51f6ab298d55a615f24a0d5a,732
4563,location,2026-09-02,99c17cb350feb89c1394c670481e88c7,763
4563,location,2026-09-03,f6e954bb03974ad289fc33bed2baaec1,724
4563,location,2026-09-04,88f7ad5983df14e47d17bfb35ddd6c24,742
4563,location,2026-09-05,3c0c4dd4f8d0db1a83f6a3767de680ec,723
4563,location,2026-09-06,4cb2617ee96c9a070ebe4acdf72be5e9,625
4563,location,2026-09-07,5fe6d8a09b35dffde5293b33ab5c1a46,756
4563,location,2026-09-08,caba1c3ab1b213dc4da7ae83b9b3e291,747
4563,location,2026-09-09,34257c050ec2c2c66d23cc68e251b73f,712
4563,location,2026-09-10,8f4db3c2a16a537260a2d47c250a768e,710
4563,location,2026-09-11,5e5829c3f44cac6e0b544fa39d690fec,740
4563,location,2026-09-12,0da9b9916d023c56242e2340d81c39ec,743
4563,location,2026-09-13,a8fec82f5c28f29eef97674cca2bf5bd,649
4563,location,2026-09-14,b82add820439736c12ce26c42e9ff68e,739
4563,location,2026-09-15,b840e7eec13428d5d5d1af92160b876a,752
4563,location,2026-09-16,6751b2be0b0b331ef9ca129e086d4ac9,751
4563,location,2026-09-17,ed701833e98fc424b097d1bbb97a177a,736
4563,location,2026-09-18,30e933afb5fbe89779f29673e94f06bc,749
4563,location,2026-09-19,87b1c6ea1375204cab9b493eb723b3bb,716
4563,location,2026-09-20,b1952df1d50e1350f87220add3b6a01f,680
4762,location,2025-01-01,7e02f892f7a04988c7ec5ca9bfbb342a,811
4762,location,2025-01-02,3e9fcc252360fb27e3740b3f9c8144fa,790
4762,location,2025-01-03,8897a0dcfbb565994f704279c3ca44ba,774
4762,location,2025-01-04,35d34df8616f64236220abced749e28b,814
4762,location,2025-01-05,3496262b61eb2487984d07786d701204,797
4762,location,2025-01-06,6bf1ac968368afa96775d23cadc82c70,805
4762,location,2025-01-07,915e7267ddcbecaa1cca4032e22bdd7f,802
4762,location,2025-01-08,8bcdf5ccb36fb270d6c2831a9331bda4,819
4762,location,2025-01-09,86a929216da6634b1d85152966e21576,822
4762,location,2025-01-10,517622cf5f01a31701138a3099288ebf,773
4762,location,2025-01-11,1bf28942c0aa3b01f9fd724c1d7dce05,774
4762,location,2025-01-12,92d655275eb7ce0e953118817af76231,781
4762,location,2025-01-13,fdf4763bd936b55ee37303813ba45f21,590
4762,location,2025-01-14,5294b106ae2acb357087fb34c030a619,781
4762,location,2025-01-15,af3b1a5efc2097c5bf0a9b86415a3957,822
4762,location,2025-01-16,9db2ee5c3c21fa9d6043cc69d076f218,584
4762,location,2025-01-17,72dc263b56c23c8dfaa43dbe33430c70,674
4762,location,2025-01-18,b7f05df7c6970631da0ccf15ea104e53,760
4762,location,2025-01-19,e0bc5398e2f70f1a887379d43c32d63d,783
4762,location,2025-01-20,619a892859181e4f768f7631ee3ea5d9,860
4762,location,2025-01-21,812926d5dba2f0cd10b4c12f86f98baa,820
4762,location,2025-01-22,93aa13fa83a6181d5ffdc245a784eda9,818
4762,location,2025-01-23,28a4de8cc423a365fee4e650602335ce,827
4762,location,2025-01-24,a2e74cfeaf460c3bddfec22d092d6188,809
4762,location,2025-01-25,93baea226c5f06992ac422249d802c46,794
4762,location,2025-01-26,739c7db913ffbc130a9661c4551ee719,806
4762,location,2025-01-27,d0d78dfe782b9c81ef175bf1396f0b54,820
4762,location,2025-01-28,09c72b106cc057e12aa25f150479c0e3,834
4762,location,2025-01-29,215b2e99c7414624358ab1a0cfbe7bd9,800
4762,location,2025-01-30,8a9dad121406c3a45a09f668134e35ae,807
4762,location,2025-01-31,99972a2f78d0a67694f512b3eabcf7ce,784
4762,location,2025-02-01,41b967e5ccb6d0d095f321364e5bcf2f,825
4762,location,2025-02-02,fcba27d24e263a40221bc7f695623c54,798
4762,location,2025-02-03,b8a62857258732a7d3821b07eb9eb06c,714
4762,location,2025-02-04,2b3a2718a0785e0df712f191163348e0,839
4762,location,2025-02-05,442c55dca37c7bc220b31bb2517c2a5b,828
4762,location,2025-02-06,91c44145ff71f972098a049d5f2797b3,816
4762,location,2025-02-07,5206e1065dfa76d669950157709eb0bd,813
4762,location,2025-02-08,f86005402982d52aa921cc641bb227c6,831
4762,location,2025-02-09,7b99f57e08d8cfc35edd1f8cc6f561c4,819
4762,location,2025-02-10,19508919a10bdebf5e2c3cf91703396a,748
4762,location,2025-02-11,1bac728d04800a107114e6c30684a0ab,804
4762,location,2025-02-12,e02a2174d6ae5a41577303b7f0b29ed0,642
4762,location,2025-02-13,d0bf144c588ea668dda4615caa4c4de2,778
4762,location,2025-02-14,89aab17ed462cc52e5f94a70bbc9befd,839
4762,location,2025-02-15,6ef4521bc6a93391374cbcb71f0bbefa,824
4762,location,2025-02-16,f0a63b327ac3430d9536a20d9e462de7,812
4762,location,2025-02-17,a606ede3b5c030d5e8646f61dcbf279f,841
4762,location,2025-02-18,20e347a16d1a8936869db7d286e9a388,850
4762,location,2025-02-19,eaf7fee0b28658bda79f52e875f3b256,865
4762,location,2025-02-20,8f07ff0d5c2c5c18979d9d3344965865,830
4762,location,2025-02-21,703940b6decd0ce4bac2f4068611d226,839
4762,location,2025-02-22,32b097e14b92414173b9ad65a58d270b,844
4762,location,2025-02-23,3bce2245046bc8c4d71884c6b5e088ac,852
4762,location,2025-02-24,b8983f4f478b301cebeb1cc7ef3dcefd,808
4762,location,2025-02-25,1b645fb54b0d6aa11aa6648ca104b01b,399
4762,location,2025-02-26,bddd1c0889192d10a1d82a1a5d0a1fbb,371
4762,location,2025-02-27,693315160ae90831e5644f8b4d94ece9,385
4762,location,2025-02-28,83127f779bb3bcdcf8b628b355f0ab9a,693
4762,location,2025-03-01,158f31699b8c3578882b219c55b10c15,292
4762,location,2025-03-02,622c081912f9880c1fb02ed3aee7c39f,304
4762,location,2025-03-03,40e748106a89c486de404cb2d61fabef,279
4762,location,2025-03-04,61cc9618440c8c36d8c3ee34d81fade4,475
4762,location,2025-03-05,9c36e118104fb13a4c7d5522b6b68315,845
4762,location,2025-03-06,17570cfb7a4d60f400f937c995072720,826
4762,location,2025-03-07,c9c534d7c86e5dcca3b3f3163c9f270c,866
4762,location,2025-03-08,c7a812ea7999cd41144db122e2b3cea8,809
4762,location,2025-03-09,bf123f29302d2ff6dc17a97ea581c066,845
4762,location,2025-03-10,1bb9add5bbfe429ed077f463beee0c23,867
4762,location,2025-03-11,461e46fa5711677808b68a6872115320,809
4762,location,2025-03-12,8078a4d74000db98db118f2a0f952802,853
4762,location,2025-03-13,0e6638aca9189828ce873bffb6f24fc7,836
4762,location,2025-03-14,432ce304c2b7911be8ae2b82020c2020,829
4762,location,2025-03-15,70d6c74c4b2222833f24ddeedbb6ef2c,785
4762,location,2025-03-16,a7eadd941f822e87be1ade60a07c4c60,811
4762,location,2025-03-17,91bfb8f43fc82c334f14d9d48df4688b,771
4762,location,2025-03-18,f3b7ef521a89bc8615bb57ec242b8bd7,736
4762,location,2025-03-19,9d4aed24c07233740ec0bc4cd9eefb3a,868
4762,location,2025-03-20,e7237e932f140f07614bce8b1e55ec5e,811
4762,location,2025-03-21,dd64b17df6704d12bbb4c706ce9e5411,834
4762,location,2025-03-22,0856ef8ffe1198cc5f5a7c4cbfe86e1e,780
4762,location,2025-03-23,c8621449896ada5c5cae80798b323401,783
4762,location,2025-03-24,dbca399099c0daf22df4aa11e64267a9,843
4762,location,2025-03-25,619f191c453d73f9b1c7cf7e5b1cb9b6,699
4762,location,2025-03-26,4beeda234ff6eba84c4c10fd696562fd,644
4762,location,2025-03-27,d393423658bd469a65fdabbcbd18842c,792
4762,location,2025-03-28,164610aba0424a678a890866c68974d1,844
4762,location,2025-03-29,f164e5eb10560fb8b8960ef4afcd540f,840
4762,location,2025-03-30,150d8f8775d9765a2c65cc5ef236c0fb,803
4762,location,2025-03-31,c980042e5f82c3cc3ca44fa21a5f0b44,788
4762,location,2025-04-01,aa3711b0eb5fde0d6b47794ececc2f1d,776
4762,location,2025-04-02,adf3ed28930db1aa91dbc6b7a82fd986,805
4762,location,2025-04-03,560af258c265131cd7589f307b0df308,845
4762,location,2025-04-04,a4ec3f36d2d48b1b5eda86d9cfb47c7b,846
4762,location,2025-04-05,de39a58b27bf91256e71c4db3a675866,800
4762,location,2025-04-06,09aebdfd0f792fb9b646f3170d9fafa9,766
4762,location,2025-04-07,09a5435e86497a59f02282096c90c181,765
4762,location,2025-04-08,a7a8f9905ad83ad09feaee64a384b36d,832
4762,location,2025-04-09,064933b6d16d9d0b897a194f6916d457,840
4762,location,2025-04-10,0c59fd0e76378930570bc56e38f111af,688
4762,location,2025-04-11,b5b483edcf59166aceda42101cc21e28,825
4762,location,2025-04-12,ad1840617dfc2f5a598c7a6a949bc5db,837
4762,location,2025-04-13,a4df726f4b9de6800de433154d6a7811,835
4762,location,2025-04-14,069689216995c4d286160d2a17c7e5b8,847
4762,location,2025-04-15,38a32685e265e3e18747fb60ddb6f0d7,802
4762,location,2025-04-16,78dfb5d90b77dc19660480d992d78cd7,811
4762,location,2025-04-17,e966a2a20d4269dde4adc30fa3b5c12d,831
4762,location,2025-04-18,117d68e1d5071c1a68db3c4a4fd8707c,794
4762,location,2025-04-19,ab65848980d573fc45b7e1a25f0eea8d,812
4762,location,2025-04-20,19c51de641815e43ddcdbe04862ba59f,724
4762,location,2025-04-21,dc88a308640edfc3403532b51a546d80,840
4762,location,2025-04-22,09a6a1848aa9f509469f318eb3f7bff9,513
4762,location,2025-04-23,4fc97e30b757230ac15ad0a1783bd504,476
4762,location,2025-04-24,0e9b6b0c1627d4f2b2b000b9e516dce3,802
4762,location,2025-04-25,ab636ce4e0479cf1fa9394c47ffa6543,772
4762,location,2025-04-26,14c6e67e388f923e61ba450b254f7830,776
4762,location,2025-04-27,cfea458379c562cf88d39a6dc74f5565,802
4762,location,2025-04-28,2f5941b2431ac4162c94fce92f51a177,834
4762,location,2025-04-29,8a61084eb3ca346389f52efd88b11182,802
4762,location,2025-04-30,8ec0271bfa701db5afe96a004588cadf,793
4762,location,2025-05-01,d13448e599ee4a4028c73be7bd915ce3,737
4762,location,2025-05-02,abb34dde8116888359e8deb0b036667b,565
4762,location,2025-05-04,b33a50c230443712fbe99526e0a07bdf,342
4762,location,2025-05-05,73feba714588153de483da063d86606f,595
4762,location,2025-05-06,3d44ab0d7fb73bef5495fffd52078e10,769
4762,location,2025-05-07,afa8e85ec423257235f7beb6d8f0e279,800
4762,location,2025-05-08,2fc7cb8aa26210245c0a011bf9f792e1,797
4762,location,2025-05-09,99886aee9a5bc981741364c51389f540,810
4762,location,2025-05-10,59f426b8886a19642b8a8371b9f2735e,647
4762,location,2025-05-11,fc7926fd5ffde89e2fb0fe06f20c3df9,741
4762,location,2025-05-12,094fe4dcf1a0a49c8c563fa4d574d463,820
4762,location,2025-05-13,f1798dadb8d6452412abb69c5d76a26c,827
4762,location,2025-05-14,c966eac0b224b31f25163c80abed764c,803
4762,location,2025-05-15,c1790b44e4698f090d100b7f3295906b,796
4762,location,2025-05-16,5c25c61bd4ce8268e2fa92e700215168,795
4762,location,2025-05-17,b15cd49218fb055b0ccac27dabe048a7,634
4762,location,2025-05-18,e694702312c78cc09158f69eacd58813,785
4762,location,2025-05-19,6f067d66c9fd8bd41ac542cab0ef4b8c,700
4762,location,2025-05-20,678884160e75ab03c02f37f20133408d,462
4762,location,2025-05-21,33a1109e58a00d9abf42746cf592f71d,799
4762,location,2025-05-22,ac01165d126da84f93ed1f2607d2f58d,806
4762,location,2025-05-23,9c7613a8723fda205284430dc74d1698,782
4762,location,2025-05-24,99ad739461d44a92618d827ab5333863,809
4762,location,2025-05-25,3016fabc7db4a6f95575fd5fd8bfe86d,798
4762,location,2025-05-26,001dd03074c2393e9881c879bcf755ca,798
4762,location,2025-05-27,4875185903d874d6e9a034a4b3ebe113,802
4762,location,2025-05-28,07f0cf6afe0cba70afb83350dae90ccd,806
4762,location,2025-05-29,ec673e5fe6c56bdcd74eab93f69ba564,755
4762,location,2025-05-30,470151a66f6a521a68b158e962e7d00c,787
4762,location,2025-05-31,d3a0dc242cc96bc3f919a8d7182b3e60,806
4762,location,2025-06-01,76e399115fee83b6b01bf99f3fd7a1c2,774
4762,location,2025-06-02,a31974c104d75b09d6f09cb8ea65320a,843
4762,location,2025-06-03,2de81ce9a57a82295275e0ab02b389e9,778
4762,location,2025-06-04,28413038758de40ec80eca501d24025b,803
4762,location,2025-06-05,0d4dbbe9b72747c6e0294f8c706f9e2a,824
4762,location,2025-06-06,ceaf9a70f5e48676412e33fc00bdd59c,784
4762,location,2025-06-07,b3a89b3d6c7b7c4c9b156403e8e09b06,597
4762,location,2025-06-08,6c711536522cb67a5204cd6876b84fe0,276
4762,location,2025-06-09,60609a8d8545436670fc10fd2e4cdf64,616
4762,location,2025-06-10,1610a4265157ad163dcd7cde9aba9b4d,797
4762,location,2025-06-11,b20b5263ae512f8bd94011d9f800913b,806
4762,location,2025-06-12,411e4b15891fbeff111b4d1649fa625d,644
4762,location,2025-06-13,17016998583a4941ab9965b54748b420,656
4762,location,2025-06-14,4967da00fea7fedd037a16d45a3ca7ec,765
4762,location,2025-06-15,b2e7ae1608fe7fe696cfc0b7047f6ea7,538
4762,location,2025-06-16,82871927effb932ae4819570de6c8613,488
4762,location,2025-06-17,6e3cd355070923c2c7a4efbf0c75a931,357
4762,location,2025-06-18,abd2d5bc43bf7fff7e8fba4a3888a8fc,720
4762,location,2025-06-19,67e82ae41fb1d6099498fb3f01ce3bdd,520
4762,location,2025-06-20,eafb97ed04bf2066f5c991a414a57c0e,631
4762,location,2025-06-21,74175539c78efdf7feffb20ac06d4b41,763
4762,location,2025-06-22,c2883d3e61c203eb43a5661e09376b5d,694
4762,location,2025-06-23,ff637e0588c4092e7ce51c967b4effed,702
4762,location,2025-06-24,034c51950b4aefaace9366b6f9571af0,791
4762,location,2025-06-25,0b66311024ce9a88897a0596e8d1705e,777
4762,location,2025-06-26,4aed06052e589d5a4bd12f1674a03c68,791
4762,location,2025-06-27,d527534994cee27cbf1f7d3617dc2810,794
4762,location,2025-06-28,7a1083bf0853c7fc1ec7c929499d8032,778
4762,location,2025-06-29,fc55e93121672ff7c0e3f0ffcf26503c,737
4762,location,2025-06-30,2ca80128934386b35f8d070755326a57,809
4762,location,2025-07-01,9b53b686d6e2118507828d502ab95582,790
4762,location,2025-07-02,596e3dc8dba7dcf6bb2fed2685292157,820
4762,location,2025-07-03,1e3dd62d992b8f4f97c9627cc3e95753,797
4762,location,2025-07-04,eb69ba08838a1b851895afc01e820154,777
4762,location,2025-07-05,c6c76ff21a7fc4d06490feec4c0f4123,766
4762,location,2025-07-06,12f6ee5d8eea1eaa4cecf9a8f8f0103f,723
4762,location,2025-07-07,f19b91d4487a5de9259e2dcff796583c,762
4762,location,2025-07-08,4b39309d906529fa61331def576adbba,799
4762,location,2025-07-09,d9013da1e943bcf77ffe6d75034d103e,750
4762,location,2025-07-10,486376c5681ac08b93624266315553c3,820
4762,location,2025-07-11,527ba680a562c09eba4c9bf5fa4808bc,765
4762,location,2025-07-12,3ec6337f5a349c319df1f9dc4e31ce01,726
4762,location,2025-07-13,77e40b7774e5cf74ca5821895e4dd2fc,789
4762,location,2025-07-14,2e4a2156ad8d7bddf55435bbaeda803a,784
4762,location,2025-07-15,34758b1756fba7eb1cd2c47101e6b3d3,795
4762,location,2025-07-16,11459cfbd921334d08ceba08a822eb20,783
4762,location,2025-07-17,f22ed4515d95e814a33bd4a6982f303f,784
4762,location,2025-07-18,25f452e7c57639b3f9202728d545b9db,783
4762,location,2025-07-19,b3b1677856d0171cb16b374eb89eb293,806
4762,location,2025-07-20,a66783b01d28347a98a07a26436f9084,818
4762,location,2025-07-21,5bb6e40b2ed30c0a186fbb598de75fec,795
4762,location,2025-07-22,71c579a972d30827d7f335c8d009869e,816
4762,location,2025-07-23,639cf3747dcef045402238603f2fade9,815
4762,location,2025-07-24,a368abf8b25cb41fcc83c2025d026616,784
4762,location,2025-07-25,f65acd8d2a90a8d23b32aacaba483a93,795
4762,location,2025-07-26,ed98b7c83395c19dfca5994db7d8519d,816
4762,location,2025-07-27,7b03301b6f71f4d1894e691b356eb245,796
4762,location,2025-07-28,2b81ab4fb8eefd39e6b7cde010690bb6,739
4762,location,2025-07-29,00dafa01bc4540110523c954a72b2391,764
4762,location,2025-07-30,7590e43f9d5b7b1e60151cd2d679169d,761
4762,location,2025-07-31,a9d2263f94a62cef732510a73f8b7c1d,753
4762,location,2025-08-01,096bcb5d71af722125924e6680dfe9d8,781
4762,location,2025-08-02,08e908268fdd4ee7ce6686788479e25b,750
4762,location,2025-08-03,afff70fc23d26f8cbbd29301262b8d96,768
4762,location,2025-08-04,db1cbf97caf6bafa0149a7fa7587b599,781
4762,location,2025-08-05,f33cbfc697a93ae1926c08b77f1effee,803
4762,location,2025-08-06,624915e0a00fdd2051afd4adb6b1c2f0,777
4762,location,2025-08-07,e3e6b411146160efa52adb81c164df5d,817
4762,location,2025-08-08,a4129aadbd55be53ddffddeb8ab35b05,789
4762,location,2025-08-09,722bd66d1dc8bc26a9bcab1229850d2f,814
4762,location,2025-08-10,b7a2bd0a1d44811a352d2f1ea2cdd0c0,795
4762,location,2025-08-11,39d24c1da1b2832501c829675ad1a3b4,794
4762,location,2025-08-12,7a20cc864c353930c9ea7c7f42b742ee,834
4762,location,2025-08-13,f752b263a0f068c09406cfa30ae30652,819
4762,location,2025-08-14,2d216f745ed96e149e35f0b26be3ce11,812
4762,location,2025-08-15,e06851bd171606c2a90d96f028fd932d,815
4762,location,2025-08-16,58d2e397677648d51f67ec2348a554c0,790
4762,location,2025-08-17,acbb8ca23de30b74d4ae13e67185512e,769
4762,location,2025-08-18,b882de0a6c587c6007af7c93deedd1e9,788
4762,location,2025-08-19,50388fe1830cf004b3ad8f1a6f597264,792
4762,location,2025-08-20,795485c41394a516aa3a003865fd4626,789
4762,location,2025-08-21,4a3abb117c619ea9d77c63113decd5a4,808
4762,location,2025-08-22,a4a290145249f32a9efd6b3b79712c30,782
4762,location,2025-08-23,165a5d626c0c079033d813a5e01f8cc7,742
4762,location,2025-08-24,065cdf6a7ed70d0e04b259e7ed7c06b2,719
4762,location,2025-08-25,220793624f9efeb4b27e31ed50b58118,804
4762,location,2025-08-26,55480aef2530a26eaa60fd4fd21c8905,778
4762,location,2025-08-27,17a656190841a5746ec321ab09142287,827
4762,location,2025-08-28,2fbbf69bf11fecf46b8d3bfdd2ca7c1c,837
4762,location,2025-08-29,b038d790f683a1541944f589b94b6c9f,815
4762,location,2025-08-30,4596546eb5ab731c003bcc23e892038c,828
4762,location,2025-08-31,fa68a248683fa25d329824b416b2137b,803
4762,location,2025-09-01,9aea940a3b6c52edfe28ee63d87c2751,820
4762,location,2025-09-02,c70289dc1cabbe72b10541aeb0111e0c,786
4762,location,2025-09-03,887b02f6380760910a210ed3648e579c,806
4762,location,2025-09-04,9883b2e2db21879d73e031c0e01e6144,815
4762,location,2025-09-05,0bf592160c4b42bbdca31fc7c781178a,816
4762,location,2025-09-06,140beeb3fa3252810215b153e04f6e0c,672
4762,location,2025-09-07,9f04ea30793b14b677cef7caee6f6a55,790
4762,location,2025-09-08,df7bfcdb8fdb6c3311e81a7ecbeda83f,819
4762,location,2025-09-09,9dc27c8ff74a59dd5ca0f07920e533e4,838
4762,location,2025-09-10,c63e4a71ab734c819662653ecd073961,821
4762,location,2025-09-11,10101286a3687d8e242f675c24da6a12,799
4762,location,2025-09-12,9d24578be51bf3ba7aa843ff81369385,790
4762,location,2025-09-13,d445d1e0d0b63c92cfa453c823d01eb2,713
4762,location,2025-09-14,c599368aaf8660c102db3642bca9cd7d,758
4762,location,2025-09-15,cec2fec7f48fa38df6f00fc13e543ca3,823
4762,location,2025-09-16,75eb4219f7eededc9b79e5bdedd30e48,780
4762,location,2025-09-17,57cb73fb33c2c5d776cbc6b1273080fc,803
4762,location,2025-09-18,38807069c560e1605a3df501296581b4,779
4762,location,2025-09-19,1506f2778c3bcf17a8525eba3a0b52d2,620
4762,location,2025-09-20,4a57c283a70b7c7848b155fe1747999d,379
4762,location,2025-09-21,1930720ee878db57abda57edb77a68ae,782
4762,location,2025-09-22,ac2520fe0e1402d21076673eefcdb3b1,781
4762,location,2025-09-23,2fb90543a9010b12fc9ea46727d7c9ea,816
4762,location,2025-09-24,3e768eb0d3898217babb92c033b3d6fa,796
4762,location,2025-09-25,a910455651126bde47123ac288d00275,779
4762,location,2025-09-26,8eb766aafdef3e3c4007b59ae45dc7b5,762
4762,location,2025-09-27,c33c603ccd0dff7e66ad250e763bd853,793
4762,location,2025-09-28,f17ce062a3e0f9759aa50845b8f02647,791
4762,location,2025-09-29,12394c655e332e81458c388255186289,816
4762,location,2025-09-30,e8925ed540702aa65c39ba64eaf3bd12,832
4762,location,2025-10-01,e0c257d67771eecf23c82422eeac5cf2,502
4762,location,2025-10-02,24260d1ec6b4fa143da247146411a342,683
4762,location,2025-10-03,3d0577f705dc78f65f2a0d0be993d004,824
4762,location,2025-10-04,a38eb5eab62c39a3611f3a73baf796f3,793
4762,location,2025-10-05,013b3e07d7cfe239e96624e561594cd0,695
4762,location,2025-10-06,b4d6325cbbce9afdde6bf516086dbeb1,579
4762,location,2025-10-07,43b2e59359172fd67d3bc58917b5bf7a,668
4762,location,2025-10-08,d7c83a78f787b61a2932583a95c4be54,812
4762,location,2025-10-09,2bb04e11361cf2ef7cd4a64565c487ca,809
4762,location,2025-10-10,e0361f585b952e7189ba348c85e1d105,777
4762,location,2025-10-11,d4994d3f30b59e01d7056031a7d4cd88,794
4762,location,2025-10-12,87e53b801b2d175b790e1ccdba76f1f8,736
4762,location,2025-10-13,7c558be41e12e828b4a99a5bd1421213,756
4762,location,2025-10-14,f1af44af4e80a571dd9fc2bbdfab31a0,806
4762,location,2025-10-15,5a4d13d6e91e37df43ae904f1a47f9c3,608
4762,location,2025-10-16,de33d385f6900e20fd60315d4aa3231c,655
4762,location,2025-10-17,f64b364473d0c787658dc473d3784bfe,578
4762,location,2025-10-18,9e09d9256fd9dac498ba96170fc3a2d7,736
4762,location,2025-10-19,e6f98634bd21e5484464799ef2db8336,811
4762,location,2025-10-20,00d2792530e3096d3a584f9259becfb0,733
4762,location,2025-10-21,80e7ea5a40d89d67a2bd87e7b88a37e0,803
4762,location,2025-10-22,14aa50a14b95e897bf23e23440783228,825
4762,location,2025-10-23,fd20db50188767eccfefe3b070319ae7,755
4762,location,2025-10-24,37218194606c9597b7daf14383553606,770
4762,location,2025-10-25,f9896949134309a16a9704ecd243e876,740
4762,location,2025-10-26,87b560d75c580c63e30f623c524bbc8b,772
4762,location,2025-10-27,e8f1b6a18188ffa20e1d6b2b76a7c4e2,773
4762,location,2025-10-28,6a2a992788f63381fecab78a319a3c66,770
4762,location,2025-10-29,837601dc975eace0daf8dcf7012c0eff,787
4762,location,2025-10-30,493102c6de784438449644a9cece6cf1,771
4762,location,2025-10-31,89e97af2e2ca42f7117f2f114e45bd81,826
4762,location,2025-11-01,68bf1601b23b2deb81b17a5d2522c882,801
4762,location,2025-11-02,ed0297d77e04127e5d9c247dfc215fa1,833
4762,location,2025-11-03,b1802fef1fdde958ec90fc84a4d306b4,783
4762,location,2025-11-04,4979a1ae2d895309be368f2c9b669222,797
4762,location,2025-11-05,a3961654d5bd8f7eb9c148705085d7f0,796
4762,location,2025-11-06,71dc9fd3ce647112a7726dba71a03a54,820
4762,location,2025-11-07,7ec627bce26624b51045de5b2dcf62c3,761
4762,location,2025-11-08,c8957f5060e38541328ed4b70071ed4f,809
4762,location,2025-11-09,2899268dcc8744fbd463f36d9c60f909,815
4762,location,2025-11-10,806a683c098774763edbb1aa83835c4c,837
4762,location,2025-11-11,cd12c6293c9abc77a12a04cdd2110287,818
4762,location,2025-11-12,df4257da9afdd5f123658d02525a6546,802
4762,location,2025-11-13,507f0e0fbd54189c9c1b07071100f4dd,752
4762,location,2025-11-14,ada096acde26923a7d86b3f09a6f9758,801
4762,location,2025-11-15,3e6336a895ad1a9bea79fafd37409c1e,783
4762,location,2025-11-16,75bf832fe5c4e27585af2bc988348ad9,824
4762,location,2025-11-17,13e88b70800cda713e7eff771e65e001,787
4762,location,2025-11-18,c5aec9cad45a908493a1381f9857ee4c,784
4762,location,2025-11-19,9122391012ff8f6d50e4ca4b30dd0425,804
4762,location,2025-11-20,f5949012774e0d94df0764847d6afb59,737
4762,location,2025-11-21,4644e0c5f0d09870feea4f6c067ca8de,504
4762,location,2025-11-22,d56d1393748e03cf92cdec9555a78418,612
4762,location,2025-11-23,1014b15971f8a1429bf38725f451a879,537
4762,location,2025-11-24,1b19ea6a078e54fa8c8507e0b767d883,568
4762,location,2025-11-25,afb2a6e1a6e1d4c4f78d96cc07ab5ee2,469
4762,location,2025-11-26,837cd245fc738b7eb66820914263c8db,549
4762,location,2025-11-27,d7150292bf01c29f8a228edeb3e7fb60,529
4762,location,2025-11-28,f14e1c261c06d81265e45ed62137cbf6,422
4762,location,2025-11-29,69ee460300dfeb827bbb0b288626ade8,287
4762,location,2025-11-30,d883755b1fb6d9fa6a7dd67fbfbf9616,306
4762,location,2025-12-01,e010695c14d42bdb7f58dc1dffc5591e,467
4762,location,2025-12-02,40984dbd4bb69e7d1ed71c2e1e0b5708,602
4762,location,2025-12-03,a5b4250b6239b28b2614fc6f0255e2b7,691
4762,location,2025-12-04,f1fa6ab2e1e0cb1c44cfea2b163ff42f,660
4762,location,2025-12-05,2c7ed2a90b1e1f4821a2f3762756ca5b,840
4762,location,2025-12-06,935a5c6ff87272ebe10f260f9546c4dc,818
4762,location,2025-12-07,2e70d98f3dd591f8832d315c76f1ff34,810
4762,location,2025-12-08,ccd72e9ee90f19e0daf83b3ae1caba84,746
4762,location,2025-12-09,f88a7c5c80051739fd29e303dbcffc9e,506
4762,location,2025-12-10,204936eee5981ed9e7d2060e3eb32739,616
4762,location,2025-12-11,07b398562194c4f773d1fc17409b6abc,552
4762,location,2025-12-12,259970b5553ebb8e3de4ca9f6b2bfa54,556
4762,location,2025-12-13,a2e990aab666adcfa86c1907888566a4,453
4762,location,2025-12-14,d9c0b7156236c51561ab517d67d810d4,450
4762,location,2025-12-15,cec6bcc2e1b15d14179142e8f181da55,423
4762,location,2025-12-16,59c7ea486520f92ae323d754c475936a,491
4762,location,2025-12-17,041cbbb2c9b642e598e460a1222eb912,544
4762,location,2025-12-18,9539ae923dc3c01a069eeb68a3d90f16,581
4762,location,2025-12-19,95da9275024a592007bc5046e411a322,282
4762,location,2025-12-20,6060dc024b2b7f7ce6a9f532e48ce20c,608
4762,location,2025-12-21,e1260b27a75267c6e4acd04aadb7dd57,524
4762,location,2025-12-22,f9cfc99907ae79ed6f8af19ff2da6f3c,492
4762,location,2025-12-23,5d22704aa9b0e59d590d9fea789ca4ea,495
4762,location,2025-12-24,cf86396af57e52e23eeda6c941856f8a,463
4762,location,2025-12-25,043620052ea606353880c6ae4e080347,530
4762,location,2025-12-26,9290a4b95163f739c627c79897043871,545
4762,location,2025-12-27,62101f2d9345ed1b4f4aa6620b49404f,527
4762,location,2025-12-28,c2d4bc9fcda37985f482c73a581520c1,398
4762,location,2025-12-29,429e8701188d8b3bdc995d7f0c4f9f08,581
4762,location,2025-12-30,6150a42965782e2ddbdea979c3a630b6,701
4762,location,2025-12-31,68e1b408b9195c23971b4025f7757d83,816
4762,location,2026-01-01,731bf33fa14bab471d90023c72d22a66,741
4762,location,2026-01-02,c45cf3019a55c2868eed4fd63dca901b,734
4762,location,2026-01-03,c9de1be18a949f32ac07ed68a9b8f9ad,777
4762,location,2026-01-04,e3dc4816ae9cab1a1f006711f160d34f,763
4762,location,2026-01-05,a485125af7b15ddb4954f9eeaaea8b26,819
4762,location,2026-01-06,708a5656bdda06b0695c5464edd3649c,847
4762,location,2026-01-07,260dbf34559ccd716be2d4ec63a7f68b,535
4762,location,2026-01-08,bd3c0299a7ab259687986b4728732039,511
4762,location,2026-01-09,4a9cab914e724a2147b8ee80b0c2eb9d,713
4762,location,2026-01-10,5194a58a2df9c156bb982ee3062d2245,828
4762,location,2026-01-11,9589bc1a1ecb7bfb36ec76f8323256f3,802
4762,location,2026-01-12,60b4102dd44abde9f98a3e85cfdc8d99,768
4762,location,2026-01-13,bd7b5a3bc5c42ff5bfc6171f9b8a15c5,823
4762,location,2026-01-14,4ff6289fe4adc87491b60d69dab33166,788
4762,location,2026-01-15,fd447b75fe20d7572856e053c8733fc1,708
4762,location,2026-01-16,9e6e736adcdae96989d2583c2a7714c3,798
4762,location,2026-01-17,94433929dc640b89ca235ed5b297ea36,661
4762,location,2026-01-18,ef353af29292031ca61c47ff2b761896,831
4762,location,2026-01-19,d37db04caf821e710645f42c68112473,785
4762,location,2026-01-20,10feae534eaab352780aa2317fd41f4e,784
4762,location,2026-01-21,6b290eb95701f86835b2195c4ab58fad,850
4762,location,2026-01-22,be48565dee00584671f2ff53fbdfa5d5,833
4762,location,2026-01-23,10c8c13d7dec5dc3eea55715cd0e3378,860
4762,location,2026-01-24,9b073c58398a9368ff0216d0326f741f,806
4762,location,2026-01-25,4ae24422ddaf60f4540aa731411cabe9,824
4762,location,2026-01-26,5214b9c007c750d3b27b188c42f815a9,751
4762,location,2026-01-27,a0b2f9fa2cd7594941445b83c8704938,644
4762,location,2026-01-28,e71f978be3c58a99af7956518eb36bbd,672
4762,location,2026-01-29,48ebca4ecb2e5edf4fa95b9c3dc8636a,611
4762,location,2026-01-30,ea140a55c8b7b287c0e0fd193cacf364,484
4762,location,2026-01-31,08b5f658c5cf4c191daab1b727155f15,562
4762,location,2026-02-01,50df7539b4697d66bd9314936287357f,573
4762,location,2026-02-02,229ba895153088c7c830e2684dab84ec,544
4762,location,2026-02-03,3844d925241a9c22ae82ea49513d2adf,804
4762,location,2026-02-04,10225417c68e1bd4ff8644f95b8437a4,826
4762,location,2026-02-05,b7065e514aed7067326359fd8d9d721b,824
4762,location,2026-02-06,d97547604022cedb804f30a49977b5c6,763
4762,location,2026-02-07,db3a43b446eb33fc61fdc959b34cd783,858
4762,location,2026-02-08,d9b0a2a53abdc91e0dbe1dcab2d3ccc0,787
4762,location,2026-02-09,2dc1cd8311d46c2001e9a7ff33c9bc02,824
4762,location,2026-02-10,c7b9056b7abf14ec1cd144e07e69d56b,852
4762,location,2026-02-11,11d464f3eb91d3f1cd21bc89fcd20920,718
4762,location,2026-02-12,67b05dbaed4dd149dfe6bbcceacd10d9,838
4762,location,2026-02-13,fe2a3dad8027969705281edeb0b3a12d,798
4762,location,2026-02-14,9e2699210dc96e2e629277241514f022,691
4762,location,2026-02-15,b65304ad59b2d98f21997cc172c3a1dc,749
4762,location,2026-02-16,f15f1ddf8b5da856e6c61ade3fde6862,813
4762,location,2026-02-17,1d2f8cfc84e6db86e1b6d7727cae45f2,818
4762,location,2026-02-18,f367219ea927fb81054001b539f6e09b,759
4762,location,2026-02-19,cace6ccce4f078aa33909496bb29a362,666
4762,location,2026-02-20,891ed76fabc02328d68e70336b232f2e,690
4762,location,2026-02-21,f87892722df3465bf5577470b1c5319e,769
4762,location,2026-02-22,128194861c01c65a0f6ef251a9c2d1e3,795
4762,location,2026-02-23,20b36f6db8c8e10c963cf6964471e0f2,790
4762,location,2026-02-24,f28f92c76ba1fc84238ca2b965917614,798
4762,location,2026-02-25,df7e5affda82cbc42b7521892c1a72c1,808
4762,location,2026-02-26,33c73c3204676f71e65be5e62226545d,829
4762,location,2026-02-27,4b31484a997c4b862136764c19209347,708
4762,location,2026-02-28,67904a6b1825f885438ad48c692aeb3f,805
4762,location,2026-03-01,6ab28869796d7fd4419969cda212d1a8,837
4762,location,2026-03-02,262b73fab77cbade2541a279e7cd2ce7,863
4762,location,2026-03-03,6071e86bd2a186b4a6ee51443837419e,775
4762,location,2026-03-04,c36155c1b8b9fba53b7df8fb616a363c,846
4762,location,2026-03-05,f7f39d62d5653a03bdeb7896e9e751de,853
4762,location,2026-03-06,53243ac1b48ad62995b06e7c8ea25f89,873
4762,location,2026-03-07,fb9f14312896b5790e7b9c5ddeeb036d,836
4762,location,2026-03-08,9a79f61eea6976d5ff29f2e2aa8f902a,793
4762,location,2026-03-09,6f90434f23b6e56a5e1221bde4ac0dc0,855
4762,location,2026-03-10,53cc4bf5b44264194e9bfb6e985767b5,880
4762,location,2026-03-11,48ad355a6bdd1f3b3455a23e162671e7,860
4762,location,2026-03-12,131babaa5d2202152b5dd2da0964abf9,836
4762,location,2026-03-13,8761eef6732a1a1ac1db02deeeeeba58,804
4762,location,2026-03-14,14cdd3815286c2bf20d864d589a0ef31,796
4762,location,2026-03-15,0ffddf4374f39185a2df4c4990e97334,803
4762,location,2026-03-16,1481c6920513512f5f08a87fc1b83b25,808
4762,location,2026-03-17,33c9689b777264eadbb36ccc5ccf17f1,844
4762,location,2026-03-18,20747aaa3e1d44f682ed982b280206c1,851
4762,location,2026-03-19,3b451a5f8a55b217c44667171cb223f9,857
4762,location,2026-03-20,b97047a475ed08900e557a9bc2bd07fa,823
4762,location,2026-03-21,d8f88ca2a57464539400ae502286b9e3,818
4762,location,2026-03-22,8c45d654a55afe243430ce5950b091b4,799
4762,location,2026-03-23,8bcf71448879bf53beb86d6d058d58d4,835
4762,location,2026-03-24,b4e3e89560ba9d2eecda51646f2885cb,705
4762,location,2026-03-25,ff283b0705a28705da904cc99eb68b7b,816
4762,location,2026-03-26,b95f4120806132300f5f653e7b733a83,780
4762,location,2026-03-27,efd1f0559f64785b6adbcd29176b61c1,809
4762,location,2026-03-28,2b8fab73568b9f868355b1e92772c46c,824
4762,location,2026-03-29,45e1ca49efe832e23c775b83dba53b2c,795
4762,location,2026-03-30,327434e68cb7d98a8fd2d5ef0abecf6a,809
4762,location,2026-03-31,705150a61f6b0a9db66b2e6a7a5f935d,802
4762,location,2026-04-01,a54be723cde8c9694880305243a254c6,829
4762,location,2026-04-02,891f46bf56555411e5a369506617a2d8,835
4762,location,2026-04-03,865ff55026f0ad04d8c2b683cc1c2148,786
4762,location,2026-04-04,325a9e1ff05f16f1e0623c6ad001e560,633
4762,location,2026-04-05,4a8db733e2ab85b0c18cd4e7ee541ccc,807
4762,location,2026-04-06,2dbc6e93dd75ae33e922c9a379aabb67,768
4762,location,2026-04-07,e7f0c0ec9a44294ca5d7bcf269bd8208,799
4762,location,2026-04-08,adce7246bea68771a8fc73b58e82b9e7,758
4762,location,2026-04-09,7761aae940686412d99f8ef624ad92fa,837
4762,location,2026-04-10,4dd55b27a4cd18546ce14b70d6244aa8,792
4762,location,2026-04-11,632394c3f3b8d3f5248e12c2a1a47cd3,675
4762,location,2026-04-12,9b53f0efe295c72059de2c0d5d876639,802
4762,location,2026-04-13,e49ddb375cf5f8174bc0d2716d6c06c4,821
4762,location,2026-04-14,21f89e361c980159b86e2efc6eff7f3a,835
4762,location,2026-04-15,856091a6e2b13bfb2470753a66e13508,838
4762,location,2026-04-16,81c4940a4c01df0d3e243e3bc0a2b8e5,824
4762,location,2026-04-17,0d2bc91e0845490ec2628c690c8937eb,826
4762,location,2026-04-18,9a537c4c51698fc767df02c1e03a2f3d,813
4762,location,2026-04-19,2c35d04e119836e967c787754e44c5a1,800
4762,location,2026-04-20,9bc7eaadc11ae49029e47d273972904c,814
4762,location,2026-04-21,cf5bf5ccef3631000426109608d00743,789
4762,location,2026-04-22,84145a5cb5de08b1c3f3c170e8295a5e,773
4762,location,2026-04-23,074741a04dc3011f2dd7590ff1b73f72,802
4762,location,2026-04-24,a9025256bb44e35dc33ad8c868ea65db,807
4762,location,2026-04-25,4d391138b29f2b46a7458a961c7f1487,771
4762,location,2026-04-26,775c8e67204dc4248d8de5db5eded0fe,787
4762,location,2026-04-27,4ac51f5924fef236aecc694335b350de,794
4762,location,2026-04-28,452069b4f0d5799127e10a2b64d75870,706
4762,location,2026-04-29,f13bde73869f81d8e0d5708c6195cbd5,805
4762,location,2026-04-30,2954f6302581e98a67cfb31ba6698fb3,834
4762,location,2026-05-01,f4a07714851919c73888c06235f767f6,852
4762,location,2026-05-02,39fd83cd2a92b75152b5eea21623e6a5,835
4762,location,2026-05-03,c618f2b8e1016be9fa8aede5b96a2fd5,816
4762,location,2026-05-04,2777b142ea04f6d29cfe0245d738e815,774
4762,location,2026-05-05,bd244e78e3dd10fe9f9c5e9cb6d32a4b,810
4762,location,2026-05-06,c4ed2aed9f085d10b4fc649bcfd1cc68,803
4762,location,2026-05-07,bf58067fc2dd5e9369dcadae60bb0dd1,768
4762,location,2026-05-08,bbc1105a684c4298bd3fbe039d318ca7,791
4762,location,2026-05-09,8d6b32f732dfc66462d9f5d85fd81fd9,817
4762,location,2026-05-10,8bb472313c422dd50e6dca6b080e0ac9,818
4762,location,2026-05-11,29f23307af2c5f6e1a9e04cec28a50e7,793
4762,location,2026-05-12,4133799d32beb7953ffc5d84d06f1a78,784
4762,location,2026-05-13,beb2816db1e334f2d91728c8a31ead9d,819
4762,location,2026-05-14,2138c92583effffbf4b5c02c27f45a0e,739
4762,location,2026-05-15,ecf36e2356e7fb083d1e63caf3d4d009,759
4762,location,2026-05-16,aeea47061ac72209eb0f9d5d3b99bab4,793
4762,location,2026-05-17,280fa62fe02caca751400ae91b72fbd8,808
4762,location,2026-05-18,e19e05145780f360b07d902afa7a3b20,803
4762,location,2026-05-19,e62b8d0bf1169756e741844e94d7ace6,810
4762,location,2026-05-20,ec615920eaf383a0006c20b8cf56d895,831
4762,location,2026-05-21,117a0815fa7a63dca2909b2cd76b0338,820
4762,location,2026-05-22,aeb645437abe0c6708c8f8bb7835ba33,821
4762,location,2026-05-23,c1818bab8eff892d0b4f25dd2da799c2,821
4762,location,2026-05-24,add9b38cb1db8d5df43a171525483ee0,785
4762,location,2026-05-25,36e1948e46fc5e52e7190c5408824531,586
4762,location,2026-05-26,3ea5e2eda4a4abe4cb4849e077b02d62,677
4762,location,2026-05-27,0037f15b9ba6c9b0ffd9db1105dbc7d0,767
4762,location,2026-05-28,ab59b96ebef9280ea8be534cd10ef015,766
4762,location,2026-05-29,46811b1ddb8a03f3d29ca5b599eebcb0,829
4762,location,2026-05-30,3338392c5207b0d98de3b4f7dea1d70d,630
4762,location,2026-05-31,08e8f1bbb2138e08f6c2e384dc1ddca2,801
4762,location,2026-06-01,8dba6ea39a954861baa26334c137ae17,789
4762,location,2026-06-02,bc2ec38a34cf7a857381f72dc1ef9f26,826
4762,location,2026-06-03,5646fd90334d4d8ab2966ecf145da630,756
4762,location,2026-06-04,a84c65a9af190b9302c26e55deb88fcc,762
4762,location,2026-06-05,4eed719d9b9274b7ae0d6a92357f5625,773
4762,location,2026-06-06,6b6e1c1d6161e9e8251a48501d7c05cc,759
4762,location,2026-06-07,32b1998b2f09dae6ce0a4d0900edb598,785
4762,location,2026-06-08,90de5ee14aa2035eab1a59774d2c458f,658
4762,location,2026-06-09,bf88ba42806c72fd11e21fea8b411168,568
4762,location,2026-06-10,9c911110c82620466b8005e3f0d9dd04,502
4762,location,2026-06-11,abd5c5dfd7d7b08c876d9cc309c338be,792
4762,location,2026-06-12,33cef4645dfc27b08b34ac1be37fab9e,674
4762,location,2026-06-13,e07bf6232945a930f70b162a33a81488,551
4762,location,2026-06-14,67fe3cd0577272f2a0e40dcc40f0669e,758
4762,location,2026-06-15,465c0cb895167738edf4c60eb983eff5,728
4762,location,2026-06-16,8c5439233e34327273009eeb4d559ce6,787
4762,location,2026-06-17,19614ff80fa14fee758d200331001935,803
4762,location,2026-06-18,26fd1d7db532af376b1d126db3f76543,817
4762,location,2026-06-19,db243f0fcc96da7dfe56f930d2160c42,807
4762,location,2026-06-20,6cfc5d4dd59acdf94f27207fa44621fe,747
4762,location,2026-06-21,bb304f80fbd453a8829f1e66e25fe179,831
4762,location,2026-06-22,31944d9d4f04137626f46f9e7bc93296,789
4762,location,2026-06-23,d620514350fa60a31ff2431ec1be59a9,709
4762,location,2026-06-24,6dcecac4d97953a52f4a12fe6986aa09,811
4762,location,2026-06-25,7c7ad69fda657b6b67842aaae25d7188,820
4762,location,2026-06-26,9f9a69915de3094de560971a6b4198a6,751
4762,location,2026-06-27,0e13c7b7ba478111da29dd1e10adc309,836
4762,location,2026-06-28,ce221ee0ecf44e267817e2f0a8c54287,818
4762,location,2026-06-30,fdcb0657dba491b7dd0263a83486a130,794
4762,location,2026-07-01,71c5d4dbb57f0ad0c0e4249ab0954586,810
4762,location,2026-07-02,4adab81ea9481c6dda128c08f903274d,807
4762,location,2026-07-03,9010fec41c6591446aeb1a1cad94d252,778
4762,location,2026-07-04,5a09beaad3609ed8e94af1ed176fe143,763
4762,location,2026-07-05,b70a9fe7e7846c34bbd630c9e769db0d,785
4762,location,2026-07-06,676244ea1117523bdd0251440424f633,785
4762,location,2026-07-07,d4855026db6ec48377cab8eb663f2039,810
4762,location,2026-07-08,ec4486051d9a731cce25b745eb8c6699,788
4762,location,2026-07-09,c7745f2001372260e11608d3521bf96e,781
4762,location,2026-07-10,7b0f8c9b99dc98599f7f96375abd9e42,783
4762,location,2026-07-11,546514b97b71c1d653376fea42922e52,731
4762,location,2026-07-12,366edf51531632e784a31d5400ecbca7,508
4762,location,2026-07-13,b8cfae2cb2dcd4a428029f43750287c4,793
4762,location,2026-07-14,1dc3f854e302e1e5716cef83c0a7d795,819
4762,location,2026-07-15,f74c539c9f14d16a3e245c961c4c14f4,779
4762,location,2026-07-16,b6c7a605527d8815ae524425d3b35587,776
4762,location,2026-07-17,d22c4ffe137fd2232dd9c95916012b19,748
4762,location,2026-07-18,06e6b7301341f573837489c42f8fa146,767
4762,location,2026-07-19,f51c5a65cd2be4a5ef806d120bd219fe,540
4762,location,2026-07-20,06b138a0b64983c876db739103ca2dfe,694
4762,location,2026-07-21,36ca50d51ba0a2465872e27c4d3981a8,810
4762,location,2026-07-22,e17d8efff6d26e1a67e62007613852b1,548
4762,location,2026-07-23,275eb5761b1afe609a98710c3beb68e6,786
4762,location,2026-07-24,144bb84ef5ff8a4b129b2fc4110ec8ec,790
4762,location,2026-07-25,945d8cdc649daec1ad6998a730fb899e,797
4762,location,2026-07-26,9eb41a5c1b8a66923a1eb94d02eff71d,803
4762,location,2026-07-27,8b96a1dffd443faa8c4fd1d42904b141,790
4762,location,2026-07-28,f6f5b9000c113883515aa883ac92f4cc,721
4762,location,2026-07-29,f387b1c5260796d18eae2bf554ae550b,822
4762,location,2026-07-30,0caf20e36ed1dcb7d739d1d48449a8a2,828
4762,location,2026-07-31,43d8e425ca0692c44530c27abf079968,802
4762,location,2026-08-01,ec2446f3c90f6d8570a1f69773632ec7,731
4762,location,2026-08-02,5fed3391fa9b81e8f9084e4f6b41298b,569
4762,location,2026-08-03,b7f483ba2a0c8be733eda5cb51dab797,791
4762,location,2026-08-04,74820b7a25e5ff3c99206f19a20b1cfc,842
4762,location,2026-08-05,80224e5e358da2338c679b76e68e92b8,827
4762,location,2026-08-06,4191f425c7544b3b73baa18c167e49de,763
4762,location,2026-08-07,be22ffdb637ea134c8d58929d98e4058,786
4762,location,2026-08-08,5219c789dc9d4689cc4274f9fddf8abd,738
4762,location,2026-08-09,ca4b595f1c3d68be63bc072d64341021,786
4762,location,2026-08-10,6820e99a658210d1c86c6513d3023dc7,718
4762,location,2026-08-11,137dcd581c10c7144fe9a489485ba168,784
4762,location,2026-08-12,2ff4746376e8219a55e137db02175abc,831
4762,location,2026-08-13,54a07b35347135147865d9fb809a3577,805
4762,location,2026-08-14,1fb285782167a300e96a195e56ca6723,733
4762,location,2026-08-24,0347185eaaace0e8b93f878bed16d530,429
4762,location,2026-08-25,d4b5bd2313b4e0c7fbb540468ba20090,520
4762,location,2026-08-26,5d28503f7e9a8c125d44b778b0424b95,361
4762,location,2026-08-27,9508a5c1ab88aff18026f6e7508d2aef,364
4762,location,2026-08-28,7d3177c55d1a2723c7c48575a13881cc,689
4762,location,2026-08-29,afd09ee8db87252db7e2ef7d10b7333c,777
4762,location,2026-08-30,3c27d5fe0022240effcdf38283191f73,419
4762,location,2026-08-31,edea5dede1a1524879f9bc8a611501c8,813
4762,location,2026-09-01,5b390a8c5ebf33bcb984a9242cacb1b3,779
4762,location,2026-09-02,7b2a3d27711d17ddfc1ebd9da7a37787,800
4762,location,2026-09-03,b23fb6bc35a7045ef017dfea2e814c5b,778
4762,location,2026-09-04,47517d12ed10aa1f6a910fdb446449af,793
4762,location,2026-09-05,ece9af0103e4bd3c6c2f0d167b431b9a,773
4762,location,2026-09-06,833fc0ab34522a17bf533d07705449ec,805
4762,location,2026-09-07,c74a084420427fad8e66e5d58db7f1fa,833
4762,location,2026-09-08,74fa7aba559c1162a986837b33ea3bff,781
4762,location,2026-09-09,35ee6373bd779692eec2980157a29614,782
4762,location,2026-09-10,ad0e99252fc6ba3beb7280d0803f9f69,814
4762,location,2026-09-11,6252c5d12e7583228f269fb537348573,585
4762,location,2026-09-14,d5ad5c52dd36f3aa2eda1405e03736cd,277
4762,location,2026-09-15,688013ce45fc161a09ad64ecf3d1116b,479
4762,location,2026-09-16,6d74229283b33ab1d837ab464c9f890a,514
4762,location,2026-09-17,025cbfc681305a10e0dacbbe349f3886,495
4762,location,2026-09-18,7aeafe38fdb030ee588b5965dbe76bd5,506
4762,location,2026-09-20,fce37d453aebc84573dbfe7887c87954,477
4762,location,2026-09-21,d8d296ab2d2dc48f94f66d4abacbbc16,612
4762,location,2026-09-22,242116463dbab64d883ec768cc0034fe,432
4762,location,2026-09-23,4a7c6e1273e64a416c40960218f11619,742
4762,location,2026-09-24,0c8f44a94eb838dff59fbe8c0be6a27d,812
4762,location,2026-09-25,77ea1ef133ae9fe4f8c6632e5b6e6a2c,813
4762,location,2026-09-26,42c9e5d69e9a27e1b8c631463d4a8018,751
4762,location,2026-09-27,1b5901fbe5cdcd7cf1279de4295aa09b,792
4762,location,2026-09-28,71170e7a0489940fa93dfff608ad50b3,809
4762,location,2026-09-29,bbd1a0f14f968100fa34d92cd718e4e3,835
4762,location,2026-09-30,61ab7ebc06cca90b7542ac908c54c2c9,788
4767,location,2025-01-01,df4139728c15cf729954cd974a5a1ab6,1011
4767,location,2025-01-02,f539c96e7a418aee98f3a0200606eb46,1015
4767,location,2025-01-03,ad2a11f5107f6d5dcb27446fde918ca3,978
4767,location,2025-01-04,1256dde12a3febbed1d92888738f0b5b,998
4767,location,2025-01-05,c7f45ce5e847279789e1a0a87b77adaf,988
4767,location,2025-01-06,fb654ec55ebd7e4d68e43ab2271604a5,1012
4767,location,2025-01-07,2d4ace4bd934aaa70bf69a3d3eedcecb,981
4767,location,2025-01-08,0be3a9f1039f37117b23a670790addbc,1007
4767,location,2025-01-09,5fa194ec1c853b73dbfe317ed29d88c2,1011
4767,location,2025-01-10,4e639125907c6ec8e276330892249d0b,972
4767,location,2025-01-11,31465cb611c25388c20fd809475aeba9,979
4767,location,2025-01-12,ed033483ef8a71ac0cc89ac1c47f21c0,949
4767,location,2025-01-13,a4bc571ad3155c600ef0421477d5e31e,709
4767,location,2025-01-14,6217c9ceb13b5abc685cf9c3b9667a07,952
4767,location,2025-01-15,fb5a923af0a35237bcad23f639934a66,979
4767,location,2025-01-16,6ecc65a688d8d55785723bf666d2f714,707
4767,location,2025-01-17,4a24be63f79af0b048e0ea2896afc633,797
4767,location,2025-01-18,36c9bb77190bc959ba521579121d2e8e,916
4767,location,2025-01-19,0192d0a60faaea279beaf9cf91c2f211,929
4767,location,2025-01-20,2348c94982c0187b816ab32d736b7e36,1022
4767,location,2025-01-21,cfcdfbf23ce658404a875e37752fd483,1002
4767,location,2025-01-22,1068ce4734a5c5385ab9dab9a58187bc,979
4767,location,2025-01-23,8f91a3628582aac46251c57ae1db30a7,1008
4767,location,2025-01-24,a0445b9f8a1cf7b57b9d024a05619a70,1006
4767,location,2025-01-25,570721f616586ced079db5ad68fdb246,1007
4767,location,2025-01-26,0ed74c5fb80da140bd9564473fa4afe3,998
4767,location,2025-01-27,0d6cef9ee6087b28e2d53257062d5b52,1016
4767,location,2025-01-28,45f678b749fd3201d11dd7d4619152f3,1028
4767,location,2025-01-29,c27380149d2543e18bf8a47fbc07e57e,1007
4767,location,2025-01-30,8de76f45a08d81dc3d833b2cc4f565fd,1023
4767,location,2025-01-31,120773ee08209f6a040e7d0f36cf07d4,986
4767,location,2025-02-01,f11c343cd3377fb25ddd8b1b5cb74736,1015
4767,location,2025-02-02,1f28e87c11724f3d8984e641bcb9bfdf,988
4767,location,2025-02-03,10f4d675cf84ffeaa84fccf83c44b9f9,863
4767,location,2025-02-04,a7dee92cec51225f2c8793c8c1d365ab,1014
4767,location,2025-02-05,491ae3599c3939902bea69c27e180313,1026
4767,location,2025-02-06,616921dce9cbadfef5e274b89c6693b9,1000
4767,location,2025-02-07,a009632684b2662d9ff2ec04325b6e91,1006
4767,location,2025-02-08,cb5b0e281b0ddf96b61675c7fcf82e35,993
4767,location,2025-02-09,10ea5632c140fca9b52de0ec6602e3e5,962
4767,location,2025-02-10,dea3a0027397f80c003d4c29641c25ae,946
4767,location,2025-02-11,b5ef58b7717b8875587d56185dfc7446,1007
4767,location,2025-02-12,087945c8ffd8563b56e8a4ecb0680795,780
4767,location,2025-02-13,2e062903ba890b47dec2e201298089fc,945
4767,location,2025-02-14,915426c43ab6cc7f8afe5d2b997e99e8,1028
4767,location,2025-02-15,de1b9b9ffed2b486864720c0ab0887a9,1000
4767,location,2025-02-16,450f3cac45f0c8afa0e1b160ca0358ec,1014
4767,location,2025-02-17,a248b46b1da7516cef0bce2cc5fa2777,1035
4767,location,2025-02-18,9c189bb9462d542d988099f361f0a941,1044
4767,location,2025-02-19,2c694e9661d06770d5869a8f80455c55,1048
4767,location,2025-02-20,6b30d07a185c5315dbea6ec2788140e8,1040
4767,location,2025-02-21,60b0663e61e8facaaea4e812b1366338,1031
4767,location,2025-02-22,d573a6d906eb6032b76922b3a194cbd8,1030
4767,location,2025-02-23,3a447becf54d40ed1fb92e3d92cf1426,1056
4767,location,2025-02-24,926f58f274606374f07b89b16d24e9a8,1002
4767,location,2025-02-25,a25af875a21dcfa2d8930f56acaa9dde,444
4767,location,2025-02-26,0157b468a238b8863d50c420f82fff45,408
4767,location,2025-02-27,71cf51e095bef1f7cac3b6a4faf2714d,439
4767,location,2025-02-28,08de67d5959072789c12032100408484,855
4767,location,2025-03-01,acf8419d3d740442e6ed816641ee91f9,324
4767,location,2025-03-02,9fdc68a1b61724b5012d022cbf96115d,336
4767,location,2025-03-03,ad0a194f856bfdc39a7a350cdf8a8a45,297
4767,location,2025-03-04,aab0ead4e1a42eaf8656ce06b283ed32,544
4767,location,2025-03-05,1ff899c0187997bcc440c9ce1f5774f3,1048
4767,location,2025-03-06,c75d5bcffc554e9fd8e509f8448138d2,1003
4767,location,2025-03-07,c46c947d24324b41f756dd085204a7bb,1060
4767,location,2025-03-08,3c8aaa5d84a65bbbd8f6d9f9af28f065,998
4767,location,2025-03-09,a5372b38f892dd5d5bb1c99b9527ca11,1048
4767,location,2025-03-10,fd7a93674eb7bb48e674dd286f91ca47,1063
4767,location,2025-03-11,0d6ce8ec067afe6f80ae76c9fb14edc9,962
4767,location,2025-03-12,a762fd5cb24521ad1de2365ce371c423,1028
4767,location,2025-03-13,43f53e830a8f64f18fc62c6a0ebef2d7,1021
4767,location,2025-03-14,a3f2dc62f1594719fe637dd382680c95,1020
4767,location,2025-03-15,8db66737b009bb04c0ed592fc2c22f9b,945
4767,location,2025-03-16,3f1823ab70f00d0364b1f18fef8373fd,1026
4767,location,2025-03-17,0e477e5143020a8d281bfc8b76fbb691,930
4767,location,2025-03-18,7b161a628f45e86bd18447b507fff7e4,921
4767,location,2025-03-19,3a822441b3c11787fa0d4f39edf47020,1059
4767,location,2025-03-20,0b9cd8cb093e47bba93ca15f767dc393,1046
4767,location,2025-03-21,800ebe3544b3903115c126210e0f5e16,1025
4767,location,2025-03-22,c11a5585fc4e096f554c6a7876723d4f,972
4767,location,2025-03-23,7ba5168213ad62a9f039b07be35b719f,977
4767,location,2025-03-24,93ec117bf3c007e983cdc12d8c9bdc5b,1020
4767,location,2025-03-25,87d1fe3e5cde272237fcf65b981d224c,863
4767,location,2025-03-26,dae992d46b6726cecd3b1a0a384a03f4,781
4767,location,2025-03-27,10076eb0d0c91acac3391edde87676a6,965
4767,location,2025-03-28,beb4971052254ef8bb6ec1ff8715ebba,1005
4767,location,2025-03-29,f9a7c9c50d82a80b51f3100ee93f339c,1025
4767,location,2025-03-30,12dea750f4f9814dc0dac027832d706c,992
4767,location,2025-03-31,88be17c86d0bd68c747e31884e96f46e,965
4767,location,2025-04-01,d7eebfe4c23a48e74ed3339702d5d6c7,942
4767,location,2025-04-02,319db2a09309664f13d1ba2a2485407b,1004
4767,location,2025-04-03,8e4312557aaf6993cd302ec28c596f29,927
4767,location,2025-04-04,a2cc877cdea52ef24e0251ca0b507bfc,1030
4767,location,2025-04-05,45d7d4baa30e06885c33b4ea1d620170,978
4767,location,2025-04-06,7e3e97653678cd6404ab55616d3a1b3d,946
4767,location,2025-04-07,35b6adc23709438f8ed057f769ba9531,936
4767,location,2025-04-08,692495a92e6e3759d41ae8a5a778b4f6,984
4767,location,2025-04-09,8131c610becb06e90029bce51289d582,1040
4767,location,2025-04-10,21f8b02b1895ae68bb387f12522f89b8,846
4767,location,2025-04-11,92ba7333a976fd5e9b08c6d2b68f2f2e,1019
4767,location,2025-04-12,ad88c6fed5a1aaacd823db572c8d45c8,1031
4767,location,2025-04-13,573e71f351c773529f2761fadbf8dcb1,1027
4767,location,2025-04-14,791d0d7a54bf58ced3667177b5c87eb3,1034
4767,location,2025-04-15,8a3f78a835a5d6a8458f4e49db6a70c6,989
4767,location,2025-04-16,ed5e3703032ca1e4c3cfe8ae17f03f57,1001
4767,location,2025-04-17,f528bf4281c6593562ef5f8c328c257a,1027
4767,location,2025-04-18,61c769d585e5f9339dbeee0abf5b4736,987
4767,location,2025-04-19,995218d1161794bddc9abc3d697c0723,964
4767,location,2025-04-20,a871e1cbfcc9f44e7f3f8fa1115d5ba6,890
4767,location,2025-04-21,4dfeb164f90d906c9d19d07c6091c821,1034
4767,location,2025-04-22,1dbefd27781d1f6854f1c9779afb532c,594
4767,location,2025-04-23,7c996c16fe42cae721a3aa746a535059,533
4767,location,2025-04-24,10910c776ec801099d6cddc0de5fd962,921
4767,location,2025-04-25,2fa7e62158974d2e73a8e4f801ec7d69,847
4767,location,2025-04-26,55280e98e7ca3ca97b8db17456aa9d8b,846
4767,location,2025-04-27,2e1cd35074ed1539a5c106ef89cc9c6c,899
4767,location,2025-04-28,3a23d43d5bab837c7953d5e191aef613,919
4767,location,2025-04-29,884ef478f7e2ec5d51631c087e59ac96,925
4767,location,2025-04-30,a46ccdcc2b762fdc59fd28c84af6b922,892
4767,location,2025-05-01,42c32952507b9c8839aa876358b6274a,811
4767,location,2025-05-02,b8d40d313789240a1bddc731c2a6e38d,620
4767,location,2025-05-04,8ea3ce32ffe91f21f2f8b4895a88766c,372
4767,location,2025-05-05,9bada20d69f51e9cbd4ed9383405a333,648
4767,location,2025-05-06,b068785f6d4a2aeccd3a291447ed5153,863
4767,location,2025-05-07,350fd7ed5a0db890e2b215e11969fef6,881
4767,location,2025-05-08,7f2cac2040c5efc92ed56872bdff3761,901
4767,location,2025-05-09,5d6641bfa65686e3c2d273668bd9d7da,930
4767,location,2025-05-10,d907e967a394cd98cd054511e51f0686,707
4767,location,2025-05-11,18e02ec199ce1a4fcb8a9123b62d07ef,807
4767,location,2025-05-12,d30e79ac6261b6edf0eee523aaf90746,916
4767,location,2025-05-13,3314d816c58b4550c085112eac47eb9f,930
4767,location,2025-05-14,11f7ea30224bdeb563623379911b5b28,925
4767,location,2025-05-15,1eeb561554d72810bf9ff1495f6119af,875
4767,location,2025-05-16,ce9758ca66002ffd428d20cab8ed5ed6,881
4767,location,2025-05-17,f0ef0f7348b41c1872fd0c4008eeb590,714
4767,location,2025-05-18,46d657c76f9eb63727f8fb780387063f,868
4767,location,2025-05-19,96deae5bece37394b79ddccb3281eb21,770
4767,location,2025-05-20,aa3b6931203e3607129049e018af4cc6,517
4767,location,2025-05-21,b5fea396bd7913bcc6ee2d6824bb7b28,929
4767,location,2025-05-22,7c4fde989f2406e644cc201c2e2a2183,924
4767,location,2025-05-23,cd19aba2d30b1be9a1094b7b9b632f47,889
4767,location,2025-05-24,0bf54bb28cbbcc8314d90c4dec174307,895
4767,location,2025-05-25,0cb43700218a0da6ee4d36f4eb374857,894
4767,location,2025-05-26,d4d692531e4d4cb981ab36f66e0c638d,898
4767,location,2025-05-27,6957a720cc77f3038858e40bd53cca71,905
4767,location,2025-05-28,71ec19aa5ad2c603ac0709eed6c74372,892
4767,location,2025-05-29,84cde5aa1e71e8d17383d4487e64ee4c,896
4767,location,2025-05-30,79500babc3e560f18039f6ba4ed90d87,892
4767,location,2025-05-31,6d9d7fd3df87c31ce9f3331375352de9,898
4767,location,2025-06-01,a612347a1673daa80e0782be30d9ef09,864
4767,location,2025-06-02,ae63e1815bd290d4d6537fcbe4e78c71,917
4767,location,2025-06-03,ea107a53c39cb979a4010e2a4ab7b742,884
4767,location,2025-06-04,2bd0e739aea546f5930fb09bb024bcb9,923
4767,location,2025-06-05,24b6f50ed141d0779da510e372acfb40,921
4767,location,2025-06-06,e346e20c633756142b213abec6be63e7,913
4767,location,2025-06-07,53092bc023ba51078cad65956ff79c31,682
4767,location,2025-06-08,8854782da93432336bc6f8950bfcc931,295
4767,location,2025-06-09,3620c417b7362dd241b94b36fe92b006,702
4767,location,2025-06-10,c87925e54e149b8f3f31fe648d799a3b,918
4767,location,2025-06-11,551d67dd7dd81cd08fd10e519ae3b5b8,923
4767,location,2025-06-12,905cdcc7d296efaf26d156c85e6708fe,703
4767,location,2025-06-13,e95f82943cbfe307ecc957bb1a8565e6,728
4767,location,2025-06-14,0f18f756be217df6f3b0063765d29438,869
4767,location,2025-06-15,6d346a3797eeb25a30c2d28649519c60,600
4767,location,2025-06-16,f449240987ac576673ce7dd2eb7f273c,541
4767,location,2025-06-17,e5b8e1faef9be727254304c5d9e76476,387
4767,location,2025-06-18,243870d3ee1a865c4b92a3d153f5a376,821
4767,location,2025-06-19,f2e79a6d917efecf545ad91485ede52a,566
4767,location,2025-06-20,2a3832fbfe14a64ce8e5e9a1b1017cb4,712
4767,location,2025-06-21,922243cbed27f653a82e3a2562aa21a4,841
4767,location,2025-06-22,01962b996cc58a38ebd38f2ec1e2496a,803
4767,location,2025-06-23,31150571a1f69a655d51739583ad9895,880
4767,location,2025-06-24,34bdeb1722dcc6df840bd2fa8403bf8b,913
4767,location,2025-06-25,91640d8daa97c9db353f034794437f17,813
4767,location,2025-06-26,66a0e84d4cc164ce539689705aeda3ff,928
4767,location,2025-06-27,5fe48f13c1b788fb8959aee657b49a80,889
4767,location,2025-06-28,30fee48a4755b2e7073c91488e4846e4,872
4767,location,2025-06-29,f32f5e1f384b721962d395e8124eadb1,834
4767,location,2025-06-30,be8994ef7f3e69beaa7ec033f5f93776,893
4767,location,2025-07-01,30753ab099f98f971c4efa7a91d634d0,902
4767,location,2025-07-02,b94d83caa5a6d91e8ff3bf4a86847620,875
4767,location,2025-07-03,d3a1ab666e22bd8849dba21c7cfd85df,911
4767,location,2025-07-04,b9dba73bbb097f563f3e24145d80dcb1,886
4767,location,2025-07-05,66b1bb6446b31608a709a40a373201a6,872
4767,location,2025-07-06,49923b95bcf220f1b3816903af4f4bad,838
4767,location,2025-07-07,3c51c19a605da140bc09e35b4d92e378,879
4767,location,2025-07-08,325b69d8aba93036e46464c5b4c24c84,909
4767,location,2025-07-09,e0aba0406861c98a5b7c259d5ecb41f6,910
4767,location,2025-07-10,5da27426ab0c012e9f43045ce138a5ea,901
4767,location,2025-07-11,ea53c8e10c647c9b5a79707628d323b9,876
4767,location,2025-07-12,640e4721c1875e7356640e6dcd932d7e,836
4767,location,2025-07-13,095d266e74a3deb1989e4cac97fe4de6,882
4767,location,2025-07-14,70121fd69c2b6aa67201952fa7a20384,895
4767,location,2025-07-15,d112e7376f7fb0f7e2afc10a521b7a25,868
4767,location,2025-07-16,97f2801a686561bb32eabb0699322835,895
4767,location,2025-07-17,317c32835eb5cbd4ce32491885077f8a,911
4767,location,2025-07-18,aba7f579523603858d5c6040b2a8e2b1,901
4767,location,2025-07-19,ac6076f6872f5897f175cf6af0c659b0,929
4767,location,2025-07-20,debee5c6792990b28e575fa8f67cb89e,922
4767,location,2025-07-21,39222b20666f3a9d5aecdd64f8582303,913
4767,location,2025-07-22,4fd25712286ae0cdd24c7226dc369893,940
4767,location,2025-07-23,7a71395a9c023f12ba779f89bbe63e0f,916
4767,location,2025-07-24,09c04f2d5a070f3691ee80602e1f9176,910
4767,location,2025-07-25,a7d85bf41290eadea04a6e1e358ef8b8,904
4767,location,2025-07-26,fe9e51848e62c3690c7ffa26975ef559,914
4767,location,2025-07-27,b489beded1fcffd9a523d7fc2b13dd97,913
4767,location,2025-07-28,109b0d4a6af1af5c547bb88af066a9a8,898
4767,location,2025-07-29,8731551a24bcd088b08d747b4bba8dbf,969
4767,location,2025-07-30,caf253c045255d3eef4fd730273743f4,964
4767,location,2025-07-31,263c713d165c75be0228df46b2d5d064,925
4767,location,2025-08-01,cb03606e689ba547b810b40179c2c12a,979
4767,location,2025-08-02,4bb3b13438d48282f6e77793e53f56bf,968
4767,location,2025-08-03,e276609c2c15dceb8414b6d115bedce7,967
4767,location,2025-08-04,b9094d0c362c0e22aa2a0013455c01de,981
4767,location,2025-08-05,aa22ad2aba18d9d2b4d539c7a534ce57,992
4767,location,2025-08-06,f68f17e53159889dad9aebaaa13f4b2b,957
4767,location,2025-08-07,87680ad9f1f751e3a1abc08311fc7581,1042
4767,location,2025-08-08,97388ff3cfcf3b9d12e2d32e313bd344,980
4767,location,2025-08-09,7cb8466c9abd9ca8421fbf53b54fad69,1022
4767,location,2025-08-10,94bbdf9bbb9c601c2a5b753a54d9c8cd,995
4767,location,2025-08-11,92fcee81a8f56e8481c15edb45fe892d,1003
4767,location,2025-08-12,14e0750bbdd211b704d1591120345116,1007
4767,location,2025-08-13,a4f823b032263665f32bb3c0997f4ddb,1008
4767,location,2025-08-14,baa453aef0353e569b49c49e020ea6a8,1012
4767,location,2025-08-15,7ca6b2444ac927ef2f063497bd20615b,1045
4767,location,2025-08-16,7e3329bfa27ef2098274a1f021b515b1,992
4767,location,2025-08-17,64f848ba51d3dcb5958a46f73cf8ca84,961
4767,location,2025-08-18,69f2eee72910c5885a10526aaa228916,974
4767,location,2025-08-19,6e4615546d1a5a9d5584303d2108e7d2,994
4767,location,2025-08-20,59f4d8deda19116352a6e61ec02fe4db,1018
4767,location,2025-08-21,cc076582399373ac40a2d9c45e4dd375,1000
4767,location,2025-08-22,1c8ff1ae7a5d11e181a0d87a02e86bbc,975
4767,location,2025-08-23,0fe2e3f51ee2aa9a7258a032e766f892,913
4767,location,2025-08-24,28035f913fe40c6e27cd08b1cbdff867,922
4767,location,2025-08-25,d9987e2ee4365c973f6d046e058e8e3f,1016
4767,location,2025-08-26,9d5bd7a662ed1e98ca07a973e23bc481,999
4767,location,2025-08-27,6c811c5d23d3989e13bd5fa2384a0d71,1038
4767,location,2025-08-28,c550a4bfca2be4923e4f02837a3ded4f,1010
4767,location,2025-08-29,e9fdcd29c1e1ff8c8e3e961753f734dd,1018
4767,location,2025-08-30,113cfeb4e18ca25ff0e747600471bb0e,1003
4767,location,2025-08-31,596eb9697a003ac33639b1332d931a24,1006
4767,location,2025-09-01,a97575b87de5ccbf5d372bb7bd5abb3c,1018
4767,location,2025-09-02,07c6218e13303464b7a6068b2387601c,1005
4767,location,2025-09-03,52539e4d1a0b9732ace65c9791de836b,1008
4767,location,2025-09-04,d35416142036726323808a84c2a1d36e,1013
4767,location,2025-09-05,d3c6119149cfc23e3d25b7e80b73f53d,1035
4767,location,2025-09-06,58f426e1f18c9ea35037fa2cded0b44d,829
4767,location,2025-09-07,bc38495c38552a77cf94ab92b0ba98a4,978
4767,location,2025-09-08,8fee4cc3baab54af9aab351d3174dae3,1016
4767,location,2025-09-09,450e005750236d28a14ed4bb278fece2,1022
4767,location,2025-09-10,fcaab1e28c910ceb1e794a7d77ba54cc,1039
4767,location,2025-09-11,ba7882a2f852e6877270ffa4a3da1abb,1008
4767,location,2025-09-12,e782ec8c19ebb434c94c42029ffc900f,961
4767,location,2025-09-13,4babffe5121030cf2f087a11c3fa7b8e,843
4767,location,2025-09-14,268182188c951175937d6cf34eb82769,955
4767,location,2025-09-15,bed8b96e23ea2769f899a0566b885839,1014
4767,location,2025-09-16,bd056379f230d308abdc96febff7245f,980
4767,location,2025-09-17,744c6f5fec835f2b75fbae9084b0a5d6,1001
4767,location,2025-09-18,d1b60982734d224ab4dfb6ca01de917f,997
4767,location,2025-09-19,5a14d6a78389fbc82d43b0f9e7b88b20,751
4767,location,2025-09-20,af6c672958c99910cf6f8bd044ab0190,418
4767,location,2025-09-21,d5c01b3c89a3d0be1dd03dcb972f6ddf,988
4767,location,2025-09-22,ff00e508f6313b1df33592d397d37d80,992
4767,location,2025-09-23,b0492d8dffc1d35085f7b612d2468279,989
4767,location,2025-09-24,7c959b6ac91257655cd631f949d4f9ee,969
4767,location,2025-09-25,320c5410a55cea34dffa49fff0df6d35,983
4767,location,2025-09-26,925121fbbe21b97e433f06aa7bab2b54,988
4767,location,2025-09-27,96974ffddbf45afd0af74c2a71f75f3d,984
4767,location,2025-09-28,b2f83fa259c2739b08296af078b650c1,1011
4767,location,2025-09-29,d637169d96fa277d87ebc68b742ece31,1010
4767,location,2025-09-30,b5c8a67a2997a22f57f943cc192afa0d,1019
4767,location,2025-10-01,7542bf9812aa348463e30b7e7632d333,563
4767,location,2025-10-02,f5d2b2f8bd5b2634e0d786c69d524f49,809
4767,location,2025-10-03,5b0b13afb311f2064107b5eea95135ae,985
4767,location,2025-10-04,6531bd1527523735e6f086d5a65ef587,1006
4767,location,2025-10-05,3451cacbf427267b0c18b433a09bbb86,855
4767,location,2025-10-06,9ac84bb6acac2be65ce68ebb23f2cb5e,678
4767,location,2025-10-07,b10c88d62c5b0b5af78f3d723845b537,811
4767,location,2025-10-08,d5f95b29c60badd73535cffdd8119af8,988
4767,location,2025-10-09,6a68539f82bdfeed49cb955f3fdff9fb,1011
4767,location,2025-10-10,042cf03ca26c31d96e14deda57d3700e,987
4767,location,2025-10-11,35ba23d4cf87fff92e0cf2fc32e614a5,1003
4767,location,2025-10-12,ee7c384d24feaf751f35fd8cbdbd75d8,940
4767,location,2025-10-13,5dae2aee008683e18578aa159efa4944,925
4767,location,2025-10-14,e420cb5b1dab7c825accb69fc89139fd,1011
4767,location,2025-10-15,b77a6f7938374dd02aa9ce879754ee46,721
4767,location,2025-10-16,40999dc44285e488df3b6c1b84c99d68,826
4767,location,2025-10-17,4cd7ddfa763289b425f639a0a002fb93,804
4767,location,2025-10-18,1a45be7065167976be414d843396a0b5,890
4767,location,2025-10-19,551865b12a99f1f1e13a5dfeaaf3821d,983
4767,location,2025-10-20,a4f3887dbb8a8dff1d5db81d43c79eec,922
4767,location,2025-10-21,6669d3f02756c8e51252484d96aa939c,1008
4767,location,2025-10-22,db16f5b6d3feba27351cd39b64c0144e,1021
4767,location,2025-10-23,b5129b470f0cc4d9a98995a59f5d2427,952
4767,location,2025-10-24,49774feabe374370bf90c398a96673bc,971
4767,location,2025-10-25,9b8cfbeccab2c7a1204f0065ce5c6033,906
4767,location,2025-10-26,68e7512e28f49b035cf4370632d84c55,975
4767,location,2025-10-27,f466aece14d189cbaeb09753e6d48e2e,991
4767,location,2025-10-28,c1494dba71ecb8ac86fd6a505327f54d,974
4767,location,2025-10-29,88b8e573e05bc98fea1fbcb48df8e980,996
4767,location,2025-10-30,3f3ef5bffd6e6f8d5949f387b63ddf98,982
4767,location,2025-10-31,a2814e1f8a193401db6c73c6a6aa1529,1003
4767,location,2025-11-01,20ac8f9e76b9ccf5d22493c555de0ecb,988
4767,location,2025-11-02,977598524ce98a9b2c3b01943785b538,1007
4767,location,2025-11-03,2f05536e2d49e34193df16f24512aeda,951
4767,location,2025-11-04,80a01660a8b0d89bb39351718d17acf1,997
4767,location,2025-11-05,944d3f456febd24c512378e1f95b922f,982
4767,location,2025-11-06,cabdf0017a1a6f3de976de6140145046,1036
4767,location,2025-11-07,67062b3507e0e23dac5c5a7dc8a19c54,939
4767,location,2025-11-08,ec05243c57dff740618d7235bfee90ac,1005
4767,location,2025-11-09,c905c4d4ecc6a0efc1c5635e7ca04869,1021
4767,location,2025-11-10,ca14d2efe6b5feb36f919fcb8e6fdd25,1026
4767,location,2025-11-11,035f9ea8fdacac9a24df626fd542bb36,996
4767,location,2025-11-12,3c4021fdb8b3c4cfc023c4175ce66e13,983
4767,location,2025-11-13,ab9444e788e57bce609c650640a6dd2e,966
4767,location,2025-11-14,ab85bffa743ba2b9a5ee0c809dc36beb,957
4767,location,2025-11-15,e36d3c0532b70d0ccd5865e1b80be2b2,964
4767,location,2025-11-16,7e935531f48b137ee72ebd554d382ddc,1000
4767,location,2025-11-17,88ec1ef68e209ed31148cc4157898194,974
4767,location,2025-11-18,56602070cf819329f376d2baff5104bf,951
4767,location,2025-11-19,3b21ab5f909583a2cd7610b169105cea,983
4767,location,2025-11-20,114dd9d3ee94bc0aea388865f677195f,1001
4767,location,2025-11-21,0489de5ef77a50880c6591fad6d1f033,1003
4767,location,2025-11-22,a2645a4a88293b558e83a104f8107a16,1021
4767,location,2025-11-23,6bd8d01c60ef7f8633ce28f573c2e120,970
4767,location,2025-11-24,feb85eab7e06b6bd81fc6ac07f173887,983
4767,location,2025-11-25,eca88b1388adb41f22307cc3f017c1a0,857
4767,location,2025-11-26,318dee9d60a92afb51c5b00eb3d63c5f,859
4767,location,2025-11-27,66c9e624186b8c56cd06d450271a4bd4,833
4767,location,2025-11-28,188c9c1e22102512d89e71875b9216c5,493
4767,location,2025-11-29,0f699202283d6a81cc778a3db0e56cb5,305
4767,location,2025-11-30,ba0d7b96acd24655521d0c3678951fee,331
4767,location,2025-12-01,aba43f078038a5f18f9dd3ec996501cd,816
4767,location,2025-12-02,76df2c266e37067f3fa51567249bd15f,853
4767,location,2025-12-03,9d9017adfabc3ecf31f4ef7c2e080b14,975
4767,location,2025-12-04,657d15da1765d583aed122e782c42f0c,941
4767,location,2025-12-05,2f156d0f6bbbcba833cd313652344b01,996
4767,location,2025-12-06,a55b829c3d16a2a31f082bc81e55059d,1000
4767,location,2025-12-07,ea20ebe4b377258972596bf872b78ba9,1014
4767,location,2025-12-08,237c91d70242edc7a12e9d53e1456e23,999
4767,location,2025-12-09,74eef676435daa60bde4f9547fb71404,1026
4767,location,2025-12-10,58616bd244bbd625ba6a11e537f49a18,959
4767,location,2025-12-11,e3fc2c16f093fdb6cb36727282a91ca8,972
4767,location,2025-12-12,c8183a3c0093eb12a83b048429ce23a7,921
4767,location,2025-12-13,793b9340b91de6bef18cb390b86a406d,922
4767,location,2025-12-14,d81a6df4935440f998cbac2e7e5007fe,939
4767,location,2025-12-15,49374dde0a0d97e9100d946c4910ca0e,1010
4767,location,2025-12-16,150e8a2a8856f0585caf27466a5f0a8e,980
4767,location,2025-12-17,dcde99e6634f279bde4936971b02f8a6,983
4767,location,2025-12-18,44030a2ada30b9b95a16676d23d625df,952
4767,location,2025-12-19,6d81996528934f7cbd386cd8c41d2c01,964
4767,location,2025-12-20,3a3ffe6d18f44f237d0342996453a852,1020
4767,location,2025-12-21,cc5fe26d08e692fd644aebe9ddd7e1b4,970
4767,location,2025-12-22,776e53a04acfac8f7eb9025b0ab900dd,992
4767,location,2025-12-23,cc528bdaa7f83a6b7e6b0bb39cae92d0,989
4767,location,2025-12-24,103ba91253e9f46bead6898ae97ad259,940
4767,location,2025-12-25,bde0f5de130abaf5dda79723b8fd2ec2,964
4767,location,2025-12-26,abcc48ca76f22d18a3d61967ea64eea8,1042
4767,location,2025-12-27,d38e012f2fa97d35e7ec5e15e178570d,990
4767,location,2025-12-28,1b1201505275e4ed6614304c900bf9b5,1000
4767,location,2025-12-29,0c6e380eaa1dd0e3e396478df02a4948,1000
4767,location,2025-12-30,bf6768fd53ef9e52d864e30f2784a2de,853
4767,location,2025-12-31,9fce943c29a45c59541e281b94c868b0,1037
4767,location,2026-01-01,d5392484fddb4732dc0b52931c02ef39,893
4767,location,2026-01-02,54e0733e3bc89dc4ef616a0ea42bd2fa,956
4767,location,2026-01-03,b8fff225e282b4673c42538cdc2569db,933
4767,location,2026-01-04,597b9008d3f6b2d7324f05e7784149b3,954
4767,location,2026-01-05,bc68a5dd4e2ce4d6a65d9618ebc3bb03,1000
4767,location,2026-01-06,8e018bd4ef816d1810f8634f2244d40b,1008
4767,location,2026-01-07,52793dc87a2a366a140205b493542e72,660
4767,location,2026-01-08,03ec9f23dcb1469b39e29e0d718c8336,597
4767,location,2026-01-09,195ee7ec8dd6de4d5b59be2abc2bc1f0,889
4767,location,2026-01-10,0b1bf8ae3a3633e7795b8d1bdc83e78b,967
4767,location,2026-01-11,4c7c3d29f54e5acfec1a5f3381446547,982
4767,location,2026-01-12,8cb5f3c33b3490d5c4f7b65fb951548a,936
4767,location,2026-01-13,b3dda37fc82f93fa721e05ce303ee311,1007
4767,location,2026-01-14,00984964f031f3f6ba0a5de4d9f5d157,961
4767,location,2026-01-15,f203105a20966d88b9ddc263313a5a88,843
4767,location,2026-01-16,826a829a0c20e5dbf233da791da92fce,936
4767,location,2026-01-17,6924ab1ae04fc2046625a8ca5f70500d,813
4767,location,2026-01-18,ebf222a71bb3de5b9f6066543a6f68cb,998
4767,location,2026-01-19,261073f7cc78801a2d71af19bfa6b95b,936
4767,location,2026-01-20,e43816980a976867d1fb6ac42c5920df,928
4767,location,2026-01-21,34b966202d2199ba964a83fe282f44f4,995
4767,location,2026-01-22,21cc0da71b3932f10de1fb6491b0199b,1026
4767,location,2026-01-23,b6d4ad9022cee18519fa4238b04b1794,1053
4767,location,2026-01-24,da1d237117c4dba2f51fb21f30cad74f,971
4767,location,2026-01-25,4763acb66807fcc0595ffb84dd10bfcb,994
4767,location,2026-01-26,f4043c7c3e78341d1bd641a79f598db6,984
4767,location,2026-01-27,b5652398da0ad9d96b65b098d1d3a1ea,984
4767,location,2026-01-28,4c11d47dfdc78bd42f04cebb0f08382c,964
4767,location,2026-01-29,f139164fd1172facaed3a9b388608bd9,1001
4767,location,2026-01-30,ecb9214d4c8d1205702f2bb3f15690ff,1006
4767,location,2026-01-31,9ab047c27bdac0d99985f89dc6a1039a,981
4767,location,2026-02-01,6cb0766ad8dddcf5729c3b5a1a05b0d1,938
4767,location,2026-02-02,12ab8377b5f70dcf36359cd2420d540b,966
4767,location,2026-02-03,f38e095583d655595298040b0582a530,986
4767,location,2026-02-04,575e33f8203939c6575cf19e92dff9b4,988
4767,location,2026-02-05,32dfb34f5c0d4e68f0bb9d1d8df1680a,989
4767,location,2026-02-06,69328ddf73fdd4ceb82f086304133675,944
4767,location,2026-02-07,87463b77acbf97cfbed6fb344c9a3bdb,982
4767,location,2026-02-08,b09537b869e01082413d66b132f600b2,957
4767,location,2026-02-09,3c7dc95225e507159f3ff41de136b150,1015
4767,location,2026-02-10,847d72c5dbf4427f4ad05f52736a16a5,1018
4767,location,2026-02-11,0cdfcef2c5c2a1bf4745ae2b4df3cf30,843
4767,location,2026-02-12,e0b08df0ec8a677d102938b6cc16ec33,1020
4767,location,2026-02-13,16519ed3131797b6baa7075ab68d51d7,1008
4767,location,2026-02-14,ba2d51d2db24174bbdd45d830d688d27,857
4767,location,2026-02-15,7e7a19a4d423acf6c7170b938b88b549,942
4767,location,2026-02-16,18a415ba6b54b496e6f147ab39ae8745,1005
4767,location,2026-02-17,21d978e9dfc797829fdacbd1e5f58c4a,1051
4767,location,2026-02-18,75c59b1ed04a0ff66d39da9180c1f572,891
4767,location,2026-02-19,e8664bb1750d230e40225667acc2d462,807
4767,location,2026-02-20,2e8cc0f9506d977fdff8ec6eae88319b,837
4767,location,2026-02-21,5cd31d47c8baabadfa39b5a0720ed3e9,970
4767,location,2026-02-22,74206bdae211171d27ce22a082e9bab1,989
4767,location,2026-02-23,95028e0300ab502ab9509993aa280132,1012
4767,location,2026-02-24,4988aba3626859ec96eca4dcd3a2bd83,989
4767,location,2026-02-25,8ba11cef2ad320feafd8cbe8c7e5cb17,977
4767,location,2026-02-26,335f330d14eff83c4032171313045f91,1043
4767,location,2026-02-27,0249e90e24a7eb624f5f372597add885,872
4767,location,2026-02-28,098f89209cd810f28d89a2095946723d,999
4767,location,2026-03-01,7a40ff89e1da8d11fbc134ab56e41c6d,1032
4767,location,2026-03-02,c7e8d459539ec9c608d87bb5da0e309b,1047
4767,location,2026-03-03,7f30ae889e1f7eeada2c9bb0c6b42597,970
4767,location,2026-03-04,a692a2a0af1256057e46fde26768cb5e,1051
4767,location,2026-03-05,5c074b40afbf7e8169a9306bed7c07b8,1051
4767,location,2026-03-06,c7898b1f68c9a97cf3a867487bc11cea,1043
4767,location,2026-03-07,9fa643bfb5c9b1edff0b7acb05890094,1006
4767,location,2026-03-08,a6bd65bf806255f5dff2bb650b48849d,952
4767,location,2026-03-09,6c337756947e5686c2fca6c042fb91be,1058
4767,location,2026-03-10,5383d16e8b96a887fdc25efde20f22ea,1023
4767,location,2026-03-11,aab4a70ef8d8943bb26a8d3f1d2af685,1029
4767,location,2026-03-12,1a66254f9ebdc772043275934858e9e0,1023
4767,location,2026-03-13,0553562c5cb2a143de601a379ebbff40,1003
4767,location,2026-03-14,27f31fcbcb2ece0e7d91de1081bc6c5e,1008
4767,location,2026-03-15,074fb1601429d1898249b59d5f9efb6c,999
4767,location,2026-03-16,aad20a4ff39976ecbaa9167e1b396ac3,1022
4767,location,2026-03-17,bc85831aca1ccb5e165ab6bed30378bb,1029
4767,location,2026-03-18,a8df3b6265194315accc8773e6c41887,836
4767,location,2026-03-19,961e4562ee3a9874a694785946e99ffb,1042
4767,location,2026-03-20,122006c26e2b72b1e197f754174d7f45,968
4767,location,2026-03-21,73edf82509dfbfd424ddbe13611d8002,1024
4767,location,2026-03-22,8158efde8b9fc61bb969ecec82124aaa,1003
4767,location,2026-03-23,8c5d040937a2a5c2918a4e9969f1cbae,1051
4767,location,2026-03-24,0af1f4c6b28bf5d1f5865a0b4984933a,953
4767,location,2026-03-25,9130610685dea616402cc9173c7c18de,1025
4767,location,2026-03-26,ec3a775a964efc002c4c46c3c3bb5cbc,969
4767,location,2026-03-27,27804d4f7eb57bd7d05cc2798f1595e2,1023
4767,location,2026-03-28,3b9a38dcc0ef8d8e6141ec75afe3e20c,1026
4767,location,2026-03-29,ccfb1cb4c1cc43fee3aef534fd397f52,994
4767,location,2026-03-30,f3436ba62e0f80af37651f14a3951e67,981
4767,location,2026-03-31,658778245327adc15c3661534ca91885,1035
4767,location,2026-04-01,9316157181bba594836b09f75f6110d6,1047
4767,location,2026-04-02,da71a53a1f1c08f4e4095518192152d2,1044
4767,location,2026-04-03,8addf55182bd7632b25ec0683fd7d359,1020
4767,location,2026-04-04,942071cfdaff6d27a6dcfc43aadfc793,805
4767,location,2026-04-05,c088ed6494c800180682f145f6bff01f,1007
4767,location,2026-04-06,00746b4404255fd94b474e4ef8c69e45,960
4767,location,2026-04-07,3ffca706ef621ff7bb4ad91901e806f7,976
4767,location,2026-04-08,1b77d0cd19e789c87096e0c2cee670fd,969
4767,location,2026-04-09,dea897d015c042e70e9ffffb396a75a1,1004
4767,location,2026-04-10,37f62390eea5e453abf11cf510f816f6,1035
4767,location,2026-04-11,125ae61759f7c0387691b7b325b6fe5d,808
4767,location,2026-04-12,91e9113cd6dae5fcd232f277e712c97b,1003
4767,location,2026-04-13,684532698ca3bb8f6fdedc7f6a81604c,1020
4767,location,2026-04-14,16954d439a3231f3c77b6f090631f2b9,1033
4767,location,2026-04-15,d86780f8acb89cf8753811b855735c5c,1047
4767,location,2026-04-16,60578a0127b614380ee530f831348021,998
4767,location,2026-04-17,d15a1763924f3d9a453f16cbd67b5c9e,1021
4767,location,2026-04-18,74a6835347f0e0faca1ff85d97282224,1006
4767,location,2026-04-19,618bb23790f3fa35a6c46c0f26f60ab7,996
4767,location,2026-04-20,c5fed31b631d53064d9e815ddf35f8a9,1005
4767,location,2026-04-21,2d2e39934ab622de9b2e59974b156871,977
4767,location,2026-04-22,a1c2b402b649870921179a91797c609f,972
4767,location,2026-04-23,7797cfcf12be2fe1d074f970678815ef,1008
4767,location,2026-04-24,8f97f61402b3529c26dd1f86b63cc1b9,989
4767,location,2026-04-25,564640ea35ff951ae88398172a121520,986
4767,location,2026-04-26,2e8ecca6d8cdc8016e893d39f6bfdec2,653
4767,location,2026-04-27,959427781af9f818dcad50b9afac6c10,1017
4767,location,2026-04-28,8f0fddd4b1adfa97a5da6148a2a87c2a,876
4767,location,2026-04-29,e5ca6bbb737fffb453ba229b358844e8,1017
4767,location,2026-04-30,d10c3f8bc4dd2a0468e7de98950189ec,1026
4767,location,2026-05-01,4169cc80af2e34dd3ad37c597670c53e,1035
4767,location,2026-05-02,4dab3e980c8ee355fc72d7a2b6e3e7a4,1036
4767,location,2026-05-03,f0ce929eca1c15806b62bcac98cfe3f7,1031
4767,location,2026-05-04,c447b274feeb100f80d3bb9f4be7b420,1004
4767,location,2026-05-05,8a29841a2eb228d70f1e2f71dc6e6941,1013
4767,location,2026-05-06,25d8325b022d93296ae331ffca0a1f46,971
4767,location,2026-05-07,2b2caa38b5e354175a1bd16a71912a6e,980
4767,location,2026-05-08,517d60ce508faa02fd0417fd5867f8e8,982
4767,location,2026-05-09,729ee9633c8fd7037cf8bf82b601766e,982
4767,location,2026-05-10,461e70c209c7625bf33a01f56f1a5894,1022
4767,location,2026-05-11,62b359d2bd3f133ec89790dde5942691,1034
4767,location,2026-05-12,1f5cafcafe25bd06c85e22daed9bf275,1002
4767,location,2026-05-13,3338412ad5be901bd4cb3e1c4b79adaa,1024
4767,location,2026-05-14,38a688e80fcaee14eaeeb8e444c779ae,944
4767,location,2026-05-15,e6680beaf2b7dac718b90c0edc3ccebb,1022
4767,location,2026-05-16,cc220512e9c3bdf2e9cc41e456e053d0,1005
4767,location,2026-05-17,d9e6c2fc3b0f966f09387d4e4c7da858,1024
4767,location,2026-05-18,66fc872e41b5ad8c7ca2a422f1ad713a,957
4767,location,2026-05-19,9ddcd6e0eb287add7acd16dbe308347d,977
4767,location,2026-05-20,bb6e0b495ab0c72e18ccfc740522d772,1021
4767,location,2026-05-21,fb58f3a4d63b72fa86305c05d64afbb8,1017
4767,location,2026-05-22,3149d1030a290fbe922cc1596415fd58,1009
4767,location,2026-05-23,ea2bec60b71feb57593a56aa21ed1bed,1012
4767,location,2026-05-24,f8087c527e4bd891dff5457245aae727,979
4767,location,2026-05-25,286788fc511bd6010fa468e7a5ef2d28,726
4767,location,2026-05-26,fd34fc276b771ca68fcaa0414255516d,837
4767,location,2026-05-27,c9f25b779cb7b9c7d25603a4119a4599,957
4767,location,2026-05-28,990e9fa93928db8e1842a00eebd99613,937
4767,location,2026-05-29,9eb7d64e418d729d555ad3bd20b950d8,1022
4767,location,2026-05-30,940bbadf936bd20f937c9079de4eef72,789
4767,location,2026-05-31,a779b7bc938159b5b4860337fdab2e4b,994
4767,location,2026-06-01,3f498f1a052a1ed1dd58f57501046089,962
4767,location,2026-06-02,3be9249725204ee11bc8619c5383c91e,1008
4767,location,2026-06-03,7c9e7e679248674f8fb35dc71780b9b1,948
4767,location,2026-06-04,78bc90b3d26ab81ef90524b44cd950ea,969
4767,location,2026-06-05,d397373225385a0bd66dd3363226cb34,971
4767,location,2026-06-06,1cd12e2d0752fcde0818b9f81bc28626,921
4767,location,2026-06-07,ea39717586ed9ba38e5717a8a6aa5bda,981
4767,location,2026-06-08,477bf96824c22eb30f2eef2189fa32d3,796
4767,location,2026-06-09,a9440bd554eae4fc5fe266a36669bbb6,700
4767,location,2026-06-10,fd232fe1c5b100cb4cded6de9185ff6e,594
4767,location,2026-06-11,c42a1ff9adda6ec51c1048a2361847ec,990
4767,location,2026-06-12,5bf59eade1e5ec554b2cc129f73580de,819
4767,location,2026-06-13,32ad36174be34b7ff1314c058238c3e2,670
4767,location,2026-06-14,6ef17d92bf43a97a31e4b418c294909e,959
4767,location,2026-06-15,b6f1b59c1253acdb49a256b26a81dcb7,926
4767,location,2026-06-16,67001a870150942b4de6f96d57031efc,994
4767,location,2026-06-17,d34e6b6029aa6e219e69874176ff773d,1011
4767,location,2026-06-18,825b94cd0bd75c156bb635d058c988ba,1023
4767,location,2026-06-19,f31c65665c9251cfc4cdcd1fbd6d7a63,988
4767,location,2026-06-20,96788041ece79c5d4e1a6a58649c2cc4,907
4767,location,2026-06-21,0be3d59d76b19bdb0024bb12b111cc2a,1019
4767,location,2026-06-22,a45c37583e0a952a0daaad995f66a06a,957
4767,location,2026-06-23,8ecbf8460f5d71c19011ca2d16e713a4,884
4767,location,2026-06-24,116589f6d90299f82ca57347c78dfd3c,1019
4767,location,2026-06-25,8d0da0b30f70a9a27f94aa36f848681b,1027
4767,location,2026-06-26,0fc19379655d8f9a86a6c8146c19ab30,945
4767,location,2026-06-27,055871f2084717152b2c3a7f910d2a95,1022
4767,location,2026-06-28,e71d3465b6fefeb20f55e3f4e52b6ba8,688
4767,location,2026-06-30,5ff7ebe490fda71037efc57d9404f512,976
4767,location,2026-07-01,e2e3ffc3f8692a66745bab51222e609a,968
4767,location,2026-07-02,e236f94dd3c3e8d4df4d12671cd0ed9c,1012
4767,location,2026-07-03,503b0074697ef4ebc41fa30cd9aa7f90,983
4767,location,2026-07-04,3015dd02cef8388b8527f3ac16426f11,984
4767,location,2026-07-05,b1d5f3cfe7682fd29b9017a258a1e531,1001
4767,location,2026-07-06,b3010462c63a9c0eb6072eaa742eae3c,963
4767,location,2026-07-07,422bbd2fb1187993ba176c9aef008be7,897
4767,location,2026-07-08,a24bce2f32edd915d8c553d69dae02e7,1000
4767,location,2026-07-09,090cbed1b01926688b6167414886e186,1014
4767,location,2026-07-10,b7166d183c5778d242b561ed3360453e,1002
4767,location,2026-07-11,0c4a3dcbf49c638b0f48ce878574d3ac,894
4767,location,2026-07-12,9e103c762461c3cd04926d0bcdf2d6b0,599
4767,location,2026-07-13,e054c5bea853170f794611f6eae67df2,992
4767,location,2026-07-14,694223a83a3058d60c485037dafe28f1,1014
4767,location,2026-07-15,fd8837f9c32ac9e12ae8f003c8dc79ba,1013
4767,location,2026-07-16,d1b2f34beb6b175bb630ecf240e38e4d,927
4767,location,2026-07-17,a4d0afaac23c410b7666e929632d34de,977
4767,location,2026-07-18,c64094a155472a280093b48b365c4d96,962
4767,location,2026-07-19,3fa3e89956ff3b3e27061de94336189c,657
4767,location,2026-07-20,1a13d7eff4fa0d974f7b466cf7785663,862
4767,location,2026-07-21,e6e2bfd338452b7010059924cfbecc23,980
4767,location,2026-07-22,1abcab040121ac1e4f18e3e1871a4a9b,678
4767,location,2026-07-23,64cea2c234d42d9a6c434baa281aeb1b,1005
4767,location,2026-07-24,ecbc2e2d4fbf7507ed14b2f991260918,1003
4767,location,2026-07-25,83a77075ccd40f6fb36d2facead9ab15,1023
4767,location,2026-07-26,e44e7e49d6baf7ac284daef29d0c8fe5,1044
4767,location,2026-07-27,4ec3421012c5f92c82144fdfe73e3782,985
4767,location,2026-07-28,9a2737ef3aa66e13dd03fb342d0e7da5,886
4767,location,2026-07-29,ffc9fd06586918584cfe2c79beb5a637,1018
4767,location,2026-07-30,645f1621061b6b5ccf89a75c991dfcf3,1011
4767,location,2026-07-31,1b75e26e8204f027b4cebd8318252039,1012
4767,location,2026-08-01,1e9ea5d0521d2fed07d9ccda29fac3f8,930
4767,location,2026-08-02,75a391b016741b6713740dd1ddb3b4c3,679
4767,location,2026-08-03,eacfd7ea25620714b6342ce754ee9d70,1002
4767,location,2026-08-04,1c7c8c21b6deb3d174504e263177b213,1037
4767,location,2026-08-05,3ae828a31d29a71a6a10ae2d0946f8a0,1036
4767,location,2026-08-06,6c0d3e3091474882fa6306df77f3ee14,982
4767,location,2026-08-07,66a4470176e4e84fe2026f8718b35d86,1004
4767,location,2026-08-08,63b38d648713fd34516176dd96be1edc,987
4767,location,2026-08-09,39ecf5be98728712ac2c8ab954c7848c,986
4767,location,2026-08-10,0436a7ed09ad7a72a84b7484fce62041,900
4767,location,2026-08-11,62b87f3a1052803897c895a6efacd823,986
4767,location,2026-08-12,7d571e5af2b30f0f647f000ac16ae8a5,1013
4767,location,2026-08-13,bff32ffa2769bb27ff795ce5c864d89f,1007
4767,location,2026-08-14,5c07ff5c54dc0c3a60397db6f9c2afbb,914
4767,location,2026-08-24,035c48348317d20157ca72e4c32ffc97,485
4767,location,2026-08-25,0537d86e92ea8b5a8043acb5ade0493f,612
4767,location,2026-08-26,3e20c797f17aabbd1ff7974afd046672,407
4767,location,2026-08-27,41e04b62733dc7ceb69bf2fee106d110,406
4767,location,2026-08-28,3ec44e21f67f522b63b770344dd29e65,835
4767,location,2026-08-29,6028d96ee8fb9fa995c8d24f630d50a0,965
4767,location,2026-08-30,09554e08631cdf95ffbc157c27181504,492
4767,location,2026-08-31,000002f96923542b73d0ee0574e5bd25,998
4767,location,2026-09-01,2af0c6a5ee96cc542feff48a26d21834,985
4767,location,2026-09-02,a898c3c3b91a03399faba3bc8cda2d83,1005
4767,location,2026-09-03,a715166203a6346bc1f84aa43f774472,977
4767,location,2026-09-04,138252cb6a96caf6db0469829b16aa1c,980
4767,location,2026-09-05,c199034e517a2b32d16231e33228c812,977
4767,location,2026-09-06,907380f8e7cb598284dee9e2bc8cff4b,993
4767,location,2026-09-07,751b063deefeb8137784dc0bcb0bfe0c,986
4767,location,2026-09-08,7b6ae3fa2d4968cd7ae5574d66b9b2b3,986
4767,location,2026-09-09,0b116b68cf6bee97b3668c63ad532117,985
4767,location,2026-09-10,12129e4ea9f5e055e9e899dc45465bc9,989
4767,location,2026-09-11,6b82814859d455d60280dfaa7b3a463d,692
4767,location,2026-09-14,648141c54fcd04bf868aa1742d8d91a1,293
4767,location,2026-09-15,11810f704ccee972ed7145df53d591ae,579
4767,location,2026-09-16,ab0f595cce1b129fd96c69b9b1b243b1,600
4767,location,2026-09-17,2cf33c6e4d9716eaaa21d0e9db447524,580
4767,location,2026-09-18,e0436cd4e4b9ee3109570014cc0615d6,591
4767,location,2026-09-20,160fdb97cf9c393f9cad18389711eb32,557
4767,location,2026-09-21,03cc9026273c73bc3a1213865c65e2dc,732
4767,location,2026-09-22,b01a0d4c241b5512f57152c49b99a3c3,513
4767,location,2026-09-23,9a9ab2d4573108fb1e8a79355de49351,902
4767,location,2026-09-24,a43cf5b30fcbd8e57478144c4aee867f,999
4767,location,2026-09-25,c48087a7fe8fa2cadb7f1ef19b4e880c,974
4767,location,2026-09-26,4a0f583f7799a9fe570d25f852568a52,954
4767,location,2026-09-27,205651eccf49486b58631a33684f13c5,984
4767,location,2026-09-28,2378a039c143a9cd0275d3231e290e3f,981
4767,location,2026-09-29,6eaf42ad269fa2e8753aa02421950f73,998
4767,location,2026-09-30,345eb3ddaf79a0bd8bdaa61c47a7a96d,900
2876226,location,2025-01-01,a16e54572913a2c000c71655820817ca,1035
2876226,location,2025-01-02,eb7f57412c139d3d369df4ed9b81111e,1020
2876226,location,2025-01-03,b3b67907140e41ede722307bd00038ae,1008
2876226,location,2025-01-04,5a1a3e824615dc8f0a9606078725bd3b,1027
2876226,location,2025-01-05,fd14d2f7bc26688cdc4f1918644201c1,1022
2876226,location,2025-01-06,40ab750558c9393ec2169168f3a14be1,1053
2876226,location,2025-01-07,3b87bdddcb7711d7aeaf45f4beb43c94,1043
2876226,location,2025-01-08,2735bac7cb294c5e5efe092104d23beb,1040
2876226,location,2025-01-09,7d1903c68a27ebad927ac9d76f30d172,991
2876226,location,2025-01-10,aaa1468bcfb081bc0a68285bdca0206a,926
2876226,location,2025-01-11,1fb54efddc43b19fd778f014cffa2556,979
2876226,location,2025-01-12,6bc7081286859b8e8f7f28ac201effa5,986
2876226,location,2025-01-13,b4a7b4b365d672a3bde221e9c70e235c,707
2876226,location,2025-01-14,169a0e75dc7a4fca06b88aed7171782f,745
2876226,location,2025-01-15,747a3d92bc278094655a701660245c61,733
2876226,location,2025-01-16,d451557ad0429ddfd464657246e61fb0,645
2876226,location,2025-01-17,77b3a845dcc5e602045e1e6a0d59ac76,837
2876226,location,2025-01-18,f37e14e30e302d4e3bc3cdcc346e2825,854
2876226,location,2025-01-19,b9444cfdab0d88013e4c9675683b9720,897
2876226,location,2025-01-20,84409c54447b60dc88760ea0acf4f5a5,976
2876226,location,2025-01-21,7b036ec91e3a4402fd44839892afe791,951
2876226,location,2025-01-22,b84b4e45cd70e9f8b1577b9f30027e07,984
2876226,location,2025-01-23,777de09adae4a7f7f204881c5f294d50,1008
2876226,location,2025-01-24,c5b4dae7421253fa0aa4b5c5da295410,1018
2876226,location,2025-01-25,1fa24252843ac7328402281a4e989cd8,993
2876226,location,2025-01-26,aefc4aabd977565af333aedc2d8e66ba,1034
2876226,location,2025-01-27,c0ad53a88d9611ef5d5a096f2795cad0,1024
2876226,location,2025-01-28,4b5c4e6817284e71c364eaf375bab99c,965
2876226,location,2025-01-29,8ad24a19878ddf8ce5989feecee0bea0,1021
2876226,location,2025-01-30,aadfe714f9619f11706ab5a70383b8db,1003
2876226,location,2025-01-31,44e89b8e3e6d9b5a814ed1f5395ca1f2,1034
2876226,location,2025-02-01,d38891e27ce1c775bb0571807e360850,1034
2876226,location,2025-02-02,16525388fdd13eef79b9c86c915982eb,1003
2876226,location,2025-02-03,6d046411b0970412fba992a90d31edd4,822
2876226,location,2025-02-04,d02f3c7e82061215351f3fabbe87bc3c,1045
2876226,location,2025-02-05,79fe68398a2105473f2d03037639a167,1007
2876226,location,2025-02-06,bb6721546f382520f8c7f86b8661d049,1030
2876226,location,2025-02-07,8ffc8fff11cc5caf2203ce618a58162b,1034
2876226,location,2025-02-08,ee4813d0b9d4c17ae4b987c9a54a39cf,974
2876226,location,2025-02-09,3701a42718a2af43d8be42a21623d512,993
2876226,location,2025-02-10,62b98303ed19891c57beb5f9e5bc5ee0,1036
2876226,location,2025-02-11,40ca87a5d1ce26ff8a807a0b62415d33,1030
2876226,location,2025-02-12,77a293ae16ef8aa4c0328cab9fa520ac,727
2876226,location,2025-02-13,179fbaabaae69a1c1281d15761172093,997
2876226,location,2025-02-14,7e41e855eb6e51930df79d587e2d8f34,1029
2876226,location,2025-02-15,83ff9d760a893f7b356bab91a174e5b4,996
2876226,location,2025-02-16,45bc219c62c1a67b649f1bc3c93829de,1012
2876226,location,2025-02-17,866e4031055cbd2243890126b5d5238d,1024
2876226,location,2025-02-18,cccb5b92fe5834f326f7eeaa1fc76ebf,1037
2876226,location,2025-02-19,8cf6eb675d9977c4ff19bbf6ce72b9ee,956
2876226,location,2025-02-20,06a030f7d9cada206af1213f7c7237cf,947
2876226,location,2025-02-21,d36587fec1d004b7dda77a047a2611c1,1034
2876226,location,2025-02-22,128d19e305aa72c1a9e8d3f75f82db97,1006
2876226,location,2025-02-23,eee78191d6b4624d09f5c76d29d0934b,1037
2876226,location,2025-02-24,992a2d334b13de0ad1a5e82114f8371c,1036
2876226,location,2025-02-25,afc8030bd2d932905d5af9734211ee06,453
2876226,location,2025-02-26,85105687852a6d9534e0bdd70b917559,456
2876226,location,2025-02-27,556c5f4880b7e27974a71e5ee5fedc32,445
2876226,location,2025-02-28,87f233851d6048c708186328a5f59617,775
2876226,location,2025-03-01,eb62766c2048006e9e1a2ba05da8781c,284
2876226,location,2025-03-02,64936818eeb3285a7d12f1451efc1433,345
2876226,location,2025-03-03,f092fc1fd86ddc69cac6204a6e486629,310
2876226,location,2025-03-04,cefc8e1747d0cf665e172ee85f2ac43f,600
2876226,location,2025-03-05,4188459df393a0f23db9b5f5463c89a2,1033
2876226,location,2025-03-06,32d49e9c48d8f8fb0d9a3119d0ee2b9e,1001
2876226,location,2025-03-07,f532159308be6e60ec3dd42795105ebb,1052
2876226,location,2025-03-08,fec5194c8fbc58199b7e28e76d064248,1045
2876226,location,2025-03-09,927ceabba774b46635d8a29da80039eb,1031
2876226,location,2025-03-10,f8b69e72f995d9b9d82991436ee1383e,1065
2876226,location,2025-03-11,cbab53566e17630971133352445dcf97,1008
2876226,location,2025-03-12,14cd36e2812f566f4bedd6c21d0491bb,1016
2876226,location,2025-03-13,2a41c20ad3006641aedae823a7e466b1,987
2876226,location,2025-03-14,689065682b236163f243ec8f61e10049,959
2876226,location,2025-03-15,721b9447ba33df32ed6239f4f8cc86ba,998
2876226,location,2025-03-16,c30a8fb52a8508a202a96366cada3eeb,1003
2876226,location,2025-03-17,61fecda50e883e8f56c652a5f1748c76,1004
2876226,location,2025-03-18,763891c9cb5b5d7974ee43b22c8ff3dc,956
2876226,location,2025-03-19,377ef08912af3c70316f96f99ce95739,1032
2876226,location,2025-03-20,e380f25701024b5b48ac24252832d093,841
2876226,location,2025-03-21,a085ca8132f0955064b7b72e56eab5b1,1037
2876226,location,2025-03-22,eeff8f8c91ba61c0dabe71c0672e539e,1045
2876226,location,2025-03-23,570167a55c155d40ae553902ec2166fc,1023
2876226,location,2025-03-24,0242a3f26b12997e3db5b27983235541,1003
2876226,location,2025-03-25,613cb4665472a43464c0760371a26aa0,973
2876226,location,2025-03-26,7dbfdc6eed6262db86bfc0fd12bb94bf,994
2876226,location,2025-03-27,e9ae62be0874d427f8c58177d81f29ee,970
2876226,location,2025-03-28,bf4923c865aeea6ea7b4b72aa151382b,991
2876226,location,2025-03-29,74fe331baa3a4e98fb6883acc504d5e7,996
2876226,location,2025-03-30,d2df7d04855ae69abcc9b5d16d542490,984
2876226,location,2025-03-31,aefd0ca481c5b731d3b85e48de8f2095,979
2876226,location,2025-04-01,ccf7aae09900add1b2f6006e36eca1a3,952
2876226,location,2025-04-02,b662cb6e4382ff4a1a9b24bc14f58752,1026
2876226,location,2025-04-03,bf1dc256615d7f024c48457e75ef5f7c,998
2876226,location,2025-04-04,948378e073b18481483e716df952077e,1048
2876226,location,2025-04-05,45eab82f0676dc26df606348dc545870,1003
2876226,location,2025-04-06,3cd75c68a082e209adae3f9da94d6aef,985
2876226,location,2025-04-07,fa8b7eb132ef851de6f90f6c3b80e048,995
2876226,location,2025-04-08,c5a1e9aba28b53ee80f29aa831adae4f,936
2876226,location,2025-04-09,9a9750bec670cc3ffc142175823ed911,813
2876226,location,2025-04-10,cb550666ee014bd722462953c4c62a55,907
2876226,location,2025-04-11,d5a0937d40496f826e77c947dcaad7b9,1005
2876226,location,2025-04-12,cea928339639aa84c02834cf12024295,1026
2876226,location,2025-04-13,f02df54d0a5e161e2eeb8349c02f35fc,1003
2876226,location,2025-04-14,d40653f1b16796d83bc0774d13523f47,1029
2876226,location,2025-04-15,f10df17180bb8d16effadac49011aa52,1021
2876226,location,2025-04-16,3a9d1c55e2034c425228d5643fe8ad50,1001
2876226,location,2025-04-17,4bf6fcd36fe0709631cfe3c3e0dd9404,846
2876226,location,2025-04-22,0aba55416849468ddbd4817d326bcd8f,262
2876226,location,2025-04-23,79acbfd80cd786401047c2bc756665a5,570
2876226,location,2025-04-24,914e8120fef68f64ce0f1709cb22340b,879
2876226,location,2025-04-25,d07918b3f0bf014823c219a964b42c92,929
2876226,location,2025-04-26,99840141036f10bb80748213d5490e37,997
2876226,location,2025-04-27,8ff680ab05c994bb00debd27efb703cd,999
2876226,location,2025-04-28,f05c7240680df15e948e0b0e4670e3f4,1021
2876226,location,2025-04-29,3bfdac996b88eb3c797374f3e5363d71,1014
2876226,location,2025-04-30,6005cabbff47d2a47d19d58ced90a17a,1011
2876226,location,2025-05-01,6902ab8e0b82d3f3a45c7d83a3a4dcff,882
2876226,location,2025-05-02,6426796f4fd8edee4f79df1630a3ab89,712
2876226,location,2025-05-04,4fec91278ec6d7e67f611ba7dfbaa0cc,389
2876226,location,2025-05-05,cb3e9afc6d23b1294964427c96ce9208,800
2876226,location,2025-05-06,1ea7104d0cc711ec368b556cde7bfd60,934
2876226,location,2025-05-07,27e5f543c7107a28c0609c652728600a,920
2876226,location,2025-05-08,a69d9fa9f3d17e79bdc15189f7ff3667,990
2876226,location,2025-05-09,d76ad0d5fd42960c8d1ea6728268a0a1,939
2876226,location,2025-05-10,7c982cb7be45d11f50f40d358df6a977,1014
2876226,location,2025-05-11,a97e19347c5e02357cb18bfeda0c113a,973
2876226,location,2025-05-12,a5d3b2c52b30e7142d056b6d3dea3de7,1028
2876226,location,2025-05-13,739ff1993feada3ad2c508dff69659fc,963
2876226,location,2025-05-14,fc3f835101ce95960beefff51be40955,1013
2876226,location,2025-05-15,e43fec75fa550639ff4940140a8e4b53,1009
2876226,location,2025-05-16,577e4f526360e2f688d11e86934bb5d3,761
2876226,location,2025-05-17,81e5d899a4384f3478b8c1b74e6b2183,606
2876226,location,2025-05-18,8cb0d3556f628b1939d0f4f57a0efef5,761
2876226,location,2025-05-19,5fbe5c9597b66e8534c2781933f33bdc,558
2876226,location,2025-05-20,0207b7c6f4dd09ab86a1769ec43e63ad,626
2876226,location,2025-05-21,e3acbf409730e3595f5759e7db296f56,972
2876226,location,2025-05-22,44a5aa128326859dd4d0d728ed42dc3b,918
2876226,location,2025-05-23,7628aa8b91f3748bab09eab35d698efe,998
2876226,location,2025-05-24,a455d16c2885952455ab06da2b7a2dec,985
2876226,location,2025-05-25,d81b97b38611bf69956a113bca39be21,1012
2876226,location,2025-05-26,90400b1ed94d0d0b7a03419b792793f8,946
2876226,location,2025-05-27,d3f6f5d02066d514f94934baa46c8c2b,718
2876226,location,2025-05-28,4abc8816b1b9898c0bb0fe55165bf522,830
2876226,location,2025-05-29,b53da4ad3beb5ea6c003b9009b1049f0,897
2876226,location,2025-05-30,7efa7f5d5e7f10069a5acbdcd6373d6f,944
2876226,location,2025-05-31,40297b9efe5cd88b72c02fc77a0bf209,895
2876226,location,2025-06-01,2b713fe1f977629aec2803ee15b18e76,973
2876226,location,2025-06-02,eed553b8041ce6b0f8eb7da8e268854c,936
2876226,location,2025-06-03,abab3b99f628f9501c9052ed5990c640,851
2876226,location,2025-06-04,391f09dd2f79fcbc6ebde8441a870068,900
2876226,location,2025-06-05,49f1d5951648f7d0c19e45a7e6fc593e,914
2876226,location,2025-06-06,fd8aaaade5bc6ed9a0d3ca1516bf930c,857
2876226,location,2025-06-07,73df12fb0db82c6e3e0802f552456fc0,650
2876226,location,2025-06-08,e6d94ebec6b8a3514a6c07b7da2ece6d,305
2876226,location,2025-06-09,f057730d914cc62613160d9402aff6ca,774
2876226,location,2025-06-10,9cda0239e6117a39bc4b9dc482873938,904
2876226,location,2025-06-11,e277a5e992edb21263a80e201125da8f,942
2876226,location,2025-06-12,731ccfc309ece69e50b6b23b28fb3063,744
2876226,location,2025-06-13,3e7007d05c52677792197c55fe454d40,661
2876226,location,2025-06-14,4a22a42eb19a3706e591247ae4662dc6,955
2876226,location,2025-06-15,00b329ac95c539f351636a663f172706,723
2876226,location,2025-06-16,a8e838890c2f5b9cf9882ba6b03bc9d3,673
2876226,location,2025-06-17,f2ca4e563abcfc098477413fed01aa2e,429
2876226,location,2025-06-18,20ecaca2011b00521af1c0c5f0617799,879
2876226,location,2025-06-19,0b3ffc24ee0fb3b0cd22bd75733e0b15,663
2876226,location,2025-06-20,496d155f51b041b241fa1cb6543fbf72,629
2876226,location,2025-06-21,e5b4d31e8d11115be02b269fa07630e6,1017
2876226,location,2025-06-22,2c905482f7e3063f95fbd00c73b97fbc,934
2876226,location,2025-06-23,80410ecc5e985749d8177c9fb8aa05df,817
2876226,location,2025-06-24,51764bdb3258597e94295e0aa79eddde,852
2876226,location,2025-06-25,b66a61959d1e8727ea0ef67039fd71c2,989
2876226,location,2025-06-26,52370a405a2688a8070c50ffc1e7136f,1018
2876226,location,2025-06-27,51d0a386bd0a3459d6749952ce748d61,1011
2876226,location,2025-06-28,cbf0af747d27389761ebc7dfdd29d749,965
2876226,location,2025-06-29,5e97305b6cbf07d0f0e7e102f9d6e364,973
2876226,location,2025-06-30,e50dd509c9ade93cf87626ee45932c10,980
2876226,location,2025-07-01,a2890175fbec66c2f2337c8c80d3cff9,957
2876226,location,2025-07-02,af7f1dd8f04bcaf9c4c27b9d044ffc1c,968
2876226,location,2025-07-03,30661ac35210f9bc49e4456ff1697b57,914
2876226,location,2025-07-04,28b7ad57525a472561b55173e86ba169,1003
2876226,location,2025-07-05,762db90b41095d500f2124a7aa34157f,977
2876226,location,2025-07-06,eac296ce3b3e43c3978fcd905278c0d6,982
2876226,location,2025-07-07,bc7898b2dbb0eba67f7b6be3d193a2ce,919
2876226,location,2025-07-08,61c0ddabb100b49a1f2a2cd5e4abe580,941
2876226,location,2025-07-09,8ebeda3a8b566c8c0fcc2ea343073b67,887
2876226,location,2025-07-10,e6246e6edf0ff2464eaf4e43641e464a,788
2876226,location,2025-07-11,beaa7e193ba829d962bb3aa9f8457496,847
2876226,location,2025-07-12,77abf2adb4385202cd7b18160d69b5cb,963
2876226,location,2025-07-13,7e4fca19c1762afc219e43fd0595331b,927
2876226,location,2025-07-14,52843e0781d9e9dac0735623da3b6130,968
2876226,location,2025-07-15,1a8ed16f3f8c93af95199becd230a16d,943
2876226,location,2025-07-16,fee558773974aeebc7e5f014e554ec09,973
2876226,location,2025-07-17,6aaaa502b52da26dff0522b073d50e33,936
2876226,location,2025-07-18,0eaa31b893ae9892ecf659af28e32fc7,974
2876226,location,2025-07-19,9b2f9a029b7c67d2db321ba2a6192306,982
2876226,location,2025-07-20,3ce81a5bb98c7bba64580a0ad1b740c7,1009
2876226,location,2025-07-21,788bb0776afbda8af2320ee51bbcf9be,952
2876226,location,2025-07-22,0204b8b48fde7f224b703a4128edbecb,957
2876226,location,2025-07-23,fb8d860830ee3fd9dd02abe3ca918f86,997
2876226,location,2025-07-24,290791513cdeb51c3068e16d83d3e5e9,956
2876226,location,2025-07-25,bed4e8b5356c61f515d413a4348bff26,938
2876226,location,2025-07-26,18b1a33e4e9eff2e4b2aaf3f0b64fd10,979
2876226,location,2025-07-27,8d896fe2a795c52beb7bae20ff8202ab,961
2876226,location,2025-07-28,b4a441169123b9b96118f9e0fcd32f41,917
2876226,location,2025-07-29,13d796a65e53886a7263c82c17bbcf89,1000
2876226,location,2025-07-30,d5c408e470cc6fa3aa684b2888c6943c,977
2876226,location,2025-07-31,1c91796feb68c789394c38b31aac0874,979
2876226,location,2025-08-01,86b7897df2040b6ec86bd250a82b9363,1042
2876226,location,2025-08-02,7bd1e196b14895d224d988b4386e240f,970
2876226,location,2025-08-03,824e70219264b3a8a63705acd2a029a0,927
2876226,location,2025-08-04,7c6aae06d771db123d8dbfc53689deb4,960
2876226,location,2025-08-05,bf0bc7544533088ecf18d9b2eb9dc7d7,957
2876226,location,2025-08-06,036c50d0026a7a7cd45dc51ae0988229,983
2876226,location,2025-08-07,173b341683a9773e90b0d3e6bf717391,1007
2876226,location,2025-08-08,f39ee699b2cf99d8fcb899ff6a9bc810,992
2876226,location,2025-08-09,9215c62917cc75d745cb306f58183ae6,1031
2876226,location,2025-08-10,961e278d6aa492cefd1bc33470f1f44e,964
2876226,location,2025-08-11,69f93797ff5ced60d357fc418ca78f27,993
2876226,location,2025-08-12,a347ed352e4e5fbe4743d8a1a5402ae5,1028
2876226,location,2025-08-13,157ef900f9e7baee3f0ce538c9a6b2f1,978
2876226,location,2025-08-14,0e08772b719bb3a23e3497705922bb58,1017
2876226,location,2025-08-15,8ec9feae9351e96f24ba4d6cf3a53f7a,1005
2876226,location,2025-08-16,b2bfa4107627a6f5c94e0fa2c609bf2c,1010
2876226,location,2025-08-17,e838a22229b05725942248a67733c380,966
2876226,location,2025-08-18,caf1ddfb986abf76fdae6cf0f25812f1,1002
2876226,location,2025-08-19,d5cab3341c9a11cf98f3b64330e1a290,1003
2876226,location,2025-08-20,eb02d4ed6c2e49742f6cb4545dbb321a,1011
2876226,location,2025-08-21,4af6746faab80b18576dcab01381b506,994
2876226,location,2025-08-22,50ea3d61e91e36f334e823803d57050e,1022
2876226,location,2025-08-23,771fe015bb99abc6de39572f8c7dab33,962
2876226,location,2025-08-24,25134a6bec894e3d9b2a00c43a5c4f45,988
2876226,location,2025-08-25,2e733fa2c00a28f3862e0d8c7a87bee9,1007
2876226,location,2025-08-26,1541368674053444df08eed6c494a72f,1029
2876226,location,2025-08-27,7085d74a7a3d2ef21421b0b7fb1a1411,1006
2876226,location,2025-08-28,cafa2c13aa52a93507a8d764478136ea,991
2876226,location,2025-08-29,6455a261f0e31dab6553fd33b8d4d977,1041
2876226,location,2025-08-30,862f87bf047e9e22c1e3f18f3fdf4756,966
2876226,location,2025-08-31,32b47d9d26f4988a1438eb0c5e238dd1,976
2876226,location,2025-09-01,d070cbdee5b57f823a01dd032ae93c52,1006
2876226,location,2025-09-02,2fd6105689c3e940498f5f2f0586560f,991
2876226,location,2025-09-03,51abae202c0b5bb8ff06b49cc39b509d,981
2876226,location,2025-09-04,f63bb5f4c1f0fe8c8b58c4e24dbe145d,951
2876226,location,2025-09-05,a2d2bac7bb7b106715bab95888831f41,995
2876226,location,2025-09-06,cd7a51201998968d6baa0567e281737a,981
2876226,location,2025-09-07,678e75e625363ed93ae40340118da3c0,982
2876226,location,2025-09-08,6964a46390608640ec9e076902487fd9,1034
2876226,location,2025-09-09,ce0c4ee318bc2c380f4d5fec4ecb1420,1028
2876226,location,2025-09-10,a0c31a8abd9bdf0d784443dcf8d68965,1040
2876226,location,2025-09-11,ad2629ec0caff0b11c3d4b4671c7ca60,933
2876226,location,2025-09-12,701fee41c16cd0d88b71db75ecf7b852,989
2876226,location,2025-09-13,d6dee86a64c2769580cd5ac9d286e848,1005
2876226,location,2025-09-14,a47802e012cb45ba40e329882486f939,972
2876226,location,2025-09-15,330446a7b696c7b46133da829bc2d49e,1002
2876226,location,2025-09-16,cb4acf87cb7e8cac58b728e9242f504a,976
2876226,location,2025-09-17,4bfa12195c521c2aed0e3c32ea5127ab,950
2876226,location,2025-09-18,d101622e5188f2e48d1ddb934e60a3ef,953
2876226,location,2025-09-19,ef104dda61912c4008f36421584cff14,1029
2876226,location,2025-09-20,1b27d067d03853a2d80b341ac297897c,1026
2876226,location,2025-09-21,da9171ea567032cd202f8aa20377f8b5,1005
2876226,location,2025-09-22,ca34d79108800e3af617e3f564b98554,1048
2876226,location,2025-09-23,40fd53f2d801e4d4a0a3eb5f32743160,957
2876226,location,2025-09-24,0414b2c365c427bad5292e307bd39121,694
2876226,location,2025-09-25,ba00467c3a17610c3898a8a445c709e0,529
2876226,location,2025-09-26,bab46b1954f4fea6ec7dbe9c7ab64bad,530
2876226,location,2025-09-27,4b8fd6247c28f64ca7f04ecaf74ee626,530
2876226,location,2025-09-28,057cead88ed9b33e3be764cb974f2412,529
2876226,location,2025-09-29,abffc4c7973e1671196308ee3f9ddf34,530
2876226,location,2025-09-30,38c36238d1e12c0020e67209896b00a7,507
2876226,location,2025-10-01,5902f969f5b818c357dbb2f3696e6a9e,420
2876226,location,2025-10-02,04f046f1384a39c5dc5a83207c62aae5,838
2876226,location,2025-10-03,01f33c6f614d23d9587e700a99cc711c,980
2876226,location,2025-10-04,8db47f6cb365e4c13fd1335ab22bab9d,849
2876226,location,2025-10-05,ec6ee058ccc28647d904feb1cb693ee4,654
2876226,location,2025-10-06,a8ab1cffa82f3daee3982fff7cb5d276,450
2876226,location,2025-10-19,3e8414872a0e6b38ecc64824e89b6cb9,381
2876226,location,2025-10-20,bcdc01f3c7b52f03a0ab276af2863c83,423
2876226,location,2025-10-21,a10140844ef13899be2fd55a43b992ef,424
2876226,location,2025-10-22,1f0d170628beab803d354470898de031,873
2876226,location,2025-10-23,a8609ef45bd4e25d2e0df1308dca6deb,982
2876226,location,2025-10-24,d50902e2cc222ace2be31e7152cb6073,969
2876226,location,2025-10-25,3a4a465fcb424b5f672c2b95ccf7dc62,986
2876226,location,2025-10-26,0555305a36a3e4b2280b54984f2d0bcf,972
2876226,location,2025-10-27,8a161bac127d0feacab9dee562fd1d58,988
2876226,location,2025-10-28,6c7139f81b8fe19b3a5cfa8acaeb1228,959
2876226,location,2025-10-29,361448cec4b69270110e0df858f54a58,1022
2876226,location,2025-10-30,e68dc561bb84d2bfa2860d82d808bde5,999
2876226,location,2025-10-31,9f91aae8666a3c486bb4c991d4e15043,655
2876226,location,2025-11-01,1136eddcf7e55eecac5478459bc68d79,628
2876226,location,2025-11-02,31a152de28df938384b886e9927cf0c7,1016
2876226,location,2025-11-03,b954c9056f411c051d9b4760320d38d9,1001
2876226,location,2025-11-04,09da469badea9d08a108925f140df55f,1019
2876226,location,2025-11-05,60a2e84096ea4c28e1d1af05d1f9979c,1005
2876226,location,2025-11-06,e148d54d0a540c27d81ec26c655eecc1,923
2876226,location,2025-11-07,cceb7d0d0cf80af9bd0374658dfedc6f,949
2876226,location,2025-11-08,96c39a66e43c51d4bdc9ce9f95891f03,1021
2876226,location,2025-11-09,60413b4a241787451e140af12661942f,1061
2876226,location,2025-11-10,364c904953998109d608722cc681b019,1055
2876226,location,2025-11-11,1ee5067ebed43d1a891beabcbdd25d06,1041
2876226,location,2025-11-12,b83bd1704f17952a69485db4f1b2fa3a,1014
2876226,location,2025-11-13,e490c08c0c8cae366aded0bd3cb7ffed,957
2876226,location,2025-11-14,41814a9e72c9fce3e555d05b24ca3c16,989
2876226,location,2025-11-15,dc3a51dd572eaba8135a1cd8d99d0cc6,971
2876226,location,2025-11-16,c6dbbe7f6224387ed3e9c61087e63639,1015
2876226,location,2025-11-17,10634e819a844215adbbdebbae926f12,936
2876226,location,2025-11-18,2c97478d977cdbe27dac8382c805dad5,961
2876226,location,2025-11-19,f666d7f2b8092553a3ec9c9e27b964d6,1000
2876226,location,2025-11-20,c391a5ce23e4a58ce7a8392e295031ee,1002
2876226,location,2025-11-21,8b527456ea77e3b7d115c048ee7cd154,1020
2876226,location,2025-11-22,82dff793b8ed3b44597f73b961184f54,976
2876226,location,2025-11-23,5b881e785693cc18056d6c8b622843a4,922
2876226,location,2025-11-24,3fee5f98e56cda23053aeb35d2e32eb9,943
2876226,location,2025-11-25,b878e601a21aa5f907ebaa4e7a118689,703
2876226,location,2025-11-26,e151859874c032c950887ed86350bd2e,850
2876226,location,2025-11-27,c1110560971197503f6d234f3d1ab933,791
2876226,location,2025-11-28,8832c138f64657d9d20c679f91815206,525
2876226,location,2025-11-29,1aa5f8d80f1c9b96c46bb24e3dd0d6b3,313
2876226,location,2025-11-30,f3fb1c3373c531d5fd1494b5e3359f9b,342
2876226,location,2025-12-01,e9d9806654172b1754ab6912c50fbdc5,831
2876226,location,2025-12-02,16d9d3ed37c05d8ed289c0845957afc6,891
2876226,location,2025-12-03,63785e44ac2fa3d13934423e96226be4,999
2876226,location,2025-12-04,b595066235ab42a1e15abe21fd26dae3,1002
2876226,location,2025-12-05,f6bcd997564afac79a198bcb3bc80bec,959
2876226,location,2025-12-06,f6ac6657eea4c55d40c91c4466704ef8,1030
2876226,location,2025-12-07,e837047d300c2265afa25930834d6ac6,1029
2876226,location,2025-12-08,64ae1df6991d8fc8ad638b17b5129915,989
2876226,location,2025-12-09,57d457760ccea7b8d39a8128cd580439,975
2876226,location,2025-12-10,a05b8c0b586234e9d189d3a3c5b8c151,955
2876226,location,2025-12-11,ef0d86045c915055d0e94d2898272208,973
2876226,location,2025-12-12,d4b07a9f61069cf7772e8474ce21218e,1035
2876226,location,2025-12-13,2d366437732f6b8032a04a3c0a3fbc88,896
2876226,location,2025-12-14,e538cc3cabaf62ca91bdf63abd3d458c,963
2876226,location,2025-12-15,45536d9ed79f7e4ceb727fa483f42ac4,975
2876226,location,2025-12-16,cf0b237edbd07802afce2fcf49b4e7cc,1007
2876226,location,2025-12-17,5e5bb87cbce83d1f36e8292051176c60,1041
2876226,location,2025-12-18,97418365dbbe4f5f2b0625c00a592b00,852
2876226,location,2025-12-19,5ed6164eaf1428e0e12f258f8853ecc0,941
2876226,location,2025-12-20,53c8374a7bf4847d9d35bb633a430034,1004
2876226,location,2025-12-21,a73c21c7290f6ad4bb6d57a0432bb832,1036
2876226,location,2025-12-22,d4f92f28e410ccbf481a63dc0431e3a4,976
2876226,location,2025-12-23,27cd6aaa77a344f9a378520b24201288,973
2876226,location,2025-12-24,22a0f02632c74689b91a05e7eb6f9cf3,992
2876226,location,2025-12-25,b90dbfd27342693e58db63d3722cbdd6,973
2876226,location,2025-12-26,e2157bb00cfc8574dc81deef8f581d84,1005
2876226,location,2025-12-27,92705c2bd60759ab83668704a5edab40,911
2876226,location,2025-12-28,18a48cd6dbfff189990d230770a10eff,815
2876226,location,2025-12-29,c20c4d7ab8f2065b21b6beedda53cf29,1042
2876226,location,2025-12-30,59585b01e75c72aa3a7d897b34a55410,989
2876226,location,2025-12-31,8cddbe4b312f300da5ac0b83d9f47df0,990
2876226,location,2026-01-01,bf1074280aea266fb6d4054278526162,913
2876226,location,2026-01-02,d172a7ae421e8db70d4ca0c88626b81b,913
2876226,location,2026-01-03,f01379f10d99d41780239c241f39b181,1000
2876226,location,2026-01-04,80d69b702a8e253bf66d1bf28b1636fc,998
2876226,location,2026-01-05,b7e71d5622151c03e4c20d3e06c5a1de,1025
2876226,location,2026-01-06,267d3228da4635ad892bc9b070bfefaa,971
2876226,location,2026-01-07,c286c61bb53c862febd2b8130c5cbff7,517
2876226,location,2026-01-08,ddaa5250f41b0982cc742f1e9415c752,569
2876226,location,2026-01-09,d9f658b22994ad2028b1489650432b98,651
2876226,location,2026-01-10,38f515ff8f16129b9305fce44dc8db74,620
2876226,location,2026-01-11,865081347819058a547be51178e1c86a,660
2876226,location,2026-01-12,42ca9794aa8ff47cfedc636f843d4bf3,711
2876226,location,2026-01-13,8624f599cb061f3a22ea76b1b805f490,830
2876226,location,2026-01-14,6554e64e58f8fd386399b9fbacb9d571,905
2876226,location,2026-01-15,3745f86a583934d1c763cc159847f6c5,886
2876226,location,2026-01-16,0207af6c89c44c73f502857331dfc332,709
2876226,location,2026-01-17,011fa6f1f4fa96562377904474f09070,701
2876226,location,2026-01-18,06e851a14dc8033f835edec21fce42d5,713
2876226,location,2026-01-19,d27e9cc5b2617f7b3d8f8189c2402528,788
2876226,location,2026-01-20,468b31a05083d47c4e31524e34669f8e,814
2876226,location,2026-01-21,ec1def70b6cfe16c4690fd7a5d487160,778
2876226,location,2026-01-22,ac11a01a2aad453be2daea3521248f63,769
2876226,location,2026-01-23,9515806e106a6db70eadf57cd3801141,789
2876226,location,2026-01-24,8273a497583767e21991afdfba841533,900
2876226,location,2026-01-25,aa18db8e6fb6f96cac80c6654b7b9ad6,791
2876226,location,2026-01-26,13d77ee8c397a4d0f7ebccb8a697bb4d,923
2876226,location,2026-01-27,e97d315879e61f70ba46fd89dd6d998b,955
2876226,location,2026-01-28,d12b8faab695e47b9864bc8a66d7c69c,835
2876226,location,2026-01-29,50d99decc3b55264fb55f7b864cac104,1008
2876226,location,2026-01-30,2a2993cf2a0341a3057094be89ad1240,1019
2876226,location,2026-01-31,cace1558f7065f8bc71c40ccf0c3432c,1012
2876226,location,2026-02-01,1ee048f91ff7df9f8674b9b5a5582aad,1002
2876226,location,2026-02-02,83e7bb7dd6dcf4a447a869868cb20e81,1016
2876226,location,2026-02-03,ddd867ca314dcc0cf5bdf9dc2d212fd4,1001
2876226,location,2026-02-04,81bcb2c81fba40560c30ab463ecf32cc,1037
2876226,location,2026-02-05,15964e3801869f58f83f7ba0da3f72c4,1028
2876226,location,2026-02-06,d0d3fdac3259c9d185e90babf4e1be0f,996
2876226,location,2026-02-07,50832221cf9f0c2b6ac18e3ce7ace4f5,1007
2876226,location,2026-02-08,143772d080be4f9f677711806d3a80f1,1049
2876226,location,2026-02-09,3695ed41f1918977d3cdfc111e32837f,1025
2876226,location,2026-02-10,4fd0a710410dc0550bea25e937d83472,985
2876226,location,2026-02-11,4cc9a416f249f7d01120185b99aaf053,866
2876226,location,2026-02-12,7fb013ef9d292dd4e112e1757e02ca40,1033
2876226,location,2026-02-13,37ad980208d7f1135618a9d7b330c530,1016
2876226,location,2026-02-14,c814357cbb16028dace47e4dc4c16d03,1038
2876226,location,2026-02-15,d7f9efcdf9f4646160fa611b1d50c3c4,1002
2876226,location,2026-02-16,dc87d1352765ebc9216987064018ac12,1024
2876226,location,2026-02-17,5bb2118a1cb774a25aa6453b637fb56c,1012
2876226,location,2026-02-18,4412caef9bb6b4da18ccfbfdcc744431,1015
2876226,location,2026-02-19,e970d3cf4650031d4c9fd4ad4a233d17,841
2876226,location,2026-02-20,afc047b4a9b139851af80a1162290e79,845
2876226,location,2026-02-21,00df460ee3713a2e40617da3cacea2f9,1018
2876226,location,2026-02-22,1eb19f0ffe66b2c7acd66f8967d5b1de,1006
2876226,location,2026-02-23,859b94cee5ecd2348627b3e59b2dd9fa,981
2876226,location,2026-02-24,428f96d770bf1ec4fe164cd57967083e,990
2876226,location,2026-02-25,a4f57a462d43381bfc88b9dc3667181e,1033
2876226,location,2026-02-26,f11923a2ae68500e2844fc5cdfe1469c,1045
2876226,location,2026-02-27,c12f37c9ace5eca7f59e946d7e1637bb,1019
2876226,location,2026-02-28,e4bdf1c650e66924b7bbb88f8b42e8af,1033
2876226,location,2026-03-01,20232ebd1cefb205a6649cfa6a73367a,1032
2876226,location,2026-03-02,37f5fa123e45d75a55dd46885aadafb3,1034
2876226,location,2026-03-03,0ce75b592b84c6d8225e45c2ac986c92,1057
2876226,location,2026-03-04,978f98ec4bb2de60025598340d1f6da8,1020
2876226,location,2026-03-05,d8cf002b237a9decb7b1f86a833fbb31,1037
2876226,location,2026-03-06,4c470b1443173b6195d5acc6fc44f805,1058
2876226,location,2026-03-07,761a90d5621a1527158a97d206cfa089,1052
2876226,location,2026-03-08,6a91647939393c3e08d44651fd913838,1019
2876226,location,2026-03-09,88b72a33f16fd5bcbf42bed3948f0879,1059
2876226,location,2026-03-10,596a625214ecb3bdb325e4ed3d803463,1033
2876226,location,2026-03-11,266d53cec563c9f58cb5ba6161c0ce03,1007
2876226,location,2026-03-12,585d35131cd8c1975d0bb365ce02ba2b,1020
2876226,location,2026-03-13,64d07d5f15d4ab204ced2feb32ad354f,1033
2876226,location,2026-03-14,e257119e05123b3cab8a61603522d69d,1027
2876226,location,2026-03-15,3ddd82c572998393529a5c08d35a9aed,1001
2876226,location,2026-03-16,ccc3cd2d19f5552363ca2afb45ed8be5,1040
2876226,location,2026-03-17,0ea8b98041b82eddff2ec079c3253b35,1013
2876226,location,2026-03-18,1386a10df2e4fdd3c63ec3ced61bea07,990
2876226,location,2026-03-19,0e169012718ee7a9283e7b2a1ee51675,1032
2876226,location,2026-03-20,da06f412e6b6fc74e7a35439a519aa26,1024
2876226,location,2026-03-21,7ff8358a08fcaf5dbedf3b8f254030a7,1003
2876226,location,2026-03-22,0dd6e39aa63f3e46319414ae82f91832,1051
2876226,location,2026-03-23,7258e8aa156dd6fbe43f6f131ae86381,1045
2876226,location,2026-03-24,60e93a7e33a330039c83ab01d7a8e7b4,1009
2876226,location,2026-03-25,b200c77b6288160cdb683d1b3ea1753b,1043
2876226,location,2026-03-26,c5e107f74e6dde579e8b66769e37c02f,975
2876226,location,2026-03-27,f3384b8cebaafcaf34e863c508fabadc,991
2876226,location,2026-03-28,2aea0e452a0ec2606aa567650beb6a0e,982
2876226,location,2026-03-29,9e397b2fab0491e7efeab8b05154fa0e,977
2876226,location,2026-03-30,58cb77c1943f15dafc192f220e6756a2,1010
2876226,location,2026-03-31,5938f4171f923205b58515ce1eb296c8,994
2876226,location,2026-04-01,c2865e7ee802dce1aa35d617b48e3799,1005
2876226,location,2026-04-02,8d3231c2c21e7db4a84e8e0eb54f7f0b,982
2876226,location,2026-04-03,aa8a68fe11ef134f9a4a21c7c74337e9,991
2876226,location,2026-04-04,a09934a4d3f74f76e30177434b75a63f,991
2876226,location,2026-04-05,59180f6409067b1b496deec311121e9d,1029
2876226,location,2026-04-06,e11256a904c35ac4ed4a94672bee415b,993
2876226,location,2026-04-07,438c7a0392d19d3ce0bd6735ade914ca,1000
2876226,location,2026-04-08,01459043cc30e2b31057602885337bbc,914
2876226,location,2026-04-09,383b9c41f24796c0608b0edeac465521,975
2876226,location,2026-04-10,8778436c149f9db350110098f39a6f93,1017
2876226,location,2026-04-11,36191f95f2e2b0c52850da1ecc68b251,1052
2876226,location,2026-04-12,e4c2a461e96104140b2d3d82519d50b5,1034
2876226,location,2026-04-13,419de72bde72cdf4853193c80398854b,1013
2876226,location,2026-04-14,d0ce6b88112ead47c92ec328133d40da,1034
2876226,location,2026-04-15,913a4a68057548a8ac42f3efda7ed390,1030
2876226,location,2026-04-16,b7f7d1c49153f23bd67b97b851573406,1023
2876226,location,2026-04-17,3ddaaa6776ddb881c5f4e54d5c183df3,1023
2876226,location,2026-04-18,fd74546194c783fee5344af5bff2411b,1041
2876226,location,2026-04-19,4b99cea5c445ffccd86a40a8510b0004,771
2876226,location,2026-04-20,f9ef134f96e1b05d7205e04b2b1b53e2,995
2876226,location,2026-04-21,6b92313031c3f57c22514a75fc57671a,967
2876226,location,2026-04-22,ea4328658525d8aa1bbe4235867e9567,1007
2876226,location,2026-04-23,9d758b75c1ebc6cdc7afe841b22ade1f,976
2876226,location,2026-04-24,b81eafea8749479ec552f66559ab233d,1009
2876226,location,2026-04-25,76177f7a43a8930790cd4f1b56ee9c26,995
2876226,location,2026-04-26,c0ee02bb7d34e11923c5eb95218527c6,1003
2876226,location,2026-04-27,73f31e0447848e0f987031ab94cf8462,1032
2876226,location,2026-04-28,1f7f6f164f3f517b51dac93f9a451f2c,747
2876226,location,2026-04-29,e9def71dec2fdaf3c55dc61abacbb104,683
2876226,location,2026-04-30,936b130585f4f21952f987ead87ea8dd,829
2876226,location,2026-05-01,80f79bef79086833290d5cec13b9e8a9,992
2876226,location,2026-05-02,db2f007ea31b49da534adfa92f4565bd,1020
2876226,location,2026-05-03,d6455555ef8c2b313e2b0f5c5426fd20,793
2876226,location,2026-05-04,7296965431cf223702e6b807d06a0561,983
2876226,location,2026-05-05,2c01d62762de8a91db1211d7fc7143ae,1012
2876226,location,2026-05-06,02f98cd989a1d80a7dbc4ee64f0e1128,960
2876226,location,2026-05-07,bab378f8c7b77d8a9b1270af5e50f148,782
2876226,location,2026-05-08,accb671ea205ebc7def90817d24681ac,792
2876226,location,2026-05-09,d9f1b372320d41a45d1aea7719064831,790
2876226,location,2026-05-10,034aaaa04d855d3cb11ab06ea4f11475,779
2876226,location,2026-05-11,099496fd2a54eaca61024a82e4b1407b,924
2876226,location,2026-05-12,340b39bd4a62a86022e464f22db9605b,997
2876226,location,2026-05-13,29d4b935d726f6905ee9ff01a424cbf3,1018
2876226,location,2026-05-14,6ed8783f04cf8c8a6523dea1e59e1330,956
2876226,location,2026-05-15,546aad6f72ca008b74abc6c91e44f40e,982
2876226,location,2026-05-16,e8e4e42b0298e7926dee4970e90be072,988
2876226,location,2026-05-17,625c187464c7bccd06a9f98f17c5451f,993
2876226,location,2026-05-18,86c54935060f57b6823e6c3397bf2e8f,1007
2876226,location,2026-05-19,7a0a435c3be5fba401dbd695648daa5f,1016
2876226,location,2026-05-20,aba0438a8e9ae4e6b8a90cd5b5d20a2f,1023
2876226,location,2026-05-21,97be8abcb611bf89b567a22c4d4f6e46,1016
2876226,location,2026-05-22,2ca9699664c0c1b56769bac4c036de77,1016
2876226,location,2026-05-23,b6c4de975bd83aed881025471265f6db,1019
2876226,location,2026-05-24,d979e38a171d8605da2ebfea0a122cb2,940
2876226,location,2026-05-25,96f8c837a182c7921214063a1b40039b,610
2876226,location,2026-05-26,398ab75209dc15693a86abdb4a8f3bb8,682
2876226,location,2026-05-27,fa0bdda3a9080c5773b4b4b69bf4e31a,826
2876226,location,2026-05-28,79df68e7a340712b23431c9680df1793,911
2876226,location,2026-05-29,24a8e26ef5b18f92c19295eaf2b03652,975
2876226,location,2026-05-30,d2767b6a6f0b934e4a9e2db2b3a5c489,976
2876226,location,2026-05-31,e7637086f71675c249f88a9f5cf8e300,978
2876226,location,2026-06-01,050edefd6b9abbc4da861c93c1ceafd7,978
2876226,location,2026-06-02,fc7c1b86cf4d23f3c900f87c1c500e0a,978
2876226,location,2026-06-03,048a297dec274bf7ae74060787240719,954
2876226,location,2026-06-04,cbd330618a87b3fe0913131153c6580c,941
2876226,location,2026-06-05,039242882ea58f141f3b016e8f11ab49,931
2876226,location,2026-06-06,faee6aacb2955182a22bf0b41c12b7a4,972
2876226,location,2026-06-07,66a98152f9018c99a7f1e9b0f43a79c2,969
2876226,location,2026-06-08,860008ee285c2197b8c0cccf4d2ae4e8,763
2876226,location,2026-06-09,d17d7cbe717e5b7f41dda68d1805c926,672
2876226,location,2026-06-10,22a4e509dc3bfa0e1cf9ace21f136dde,558
2876226,location,2026-06-11,f3e98132dcaa64f6eb7e7fc243373c1c,672
2876226,location,2026-06-12,dd4f0dd5f22f49f41069c5bdef1346ea,662
2876226,location,2026-06-13,8103f08f4a336d785dff28b4501d080e,489
2876226,location,2026-06-14,f42d16d4e1f7faa7b9c2300722c9e869,858
2876226,location,2026-06-15,f873be62858ec4b0d3d722fef036a8e5,729
2876226,location,2026-06-16,850e79c5f75808d05896b8b212474317,788
2876226,location,2026-06-17,5208a80594a0f69e764e2d9aacd37e35,973
2876226,location,2026-06-18,9ae11f2165b4cc549efd67cd64802011,961
2876226,location,2026-06-19,d61ce2d6f4fc91b256de13bf911bd055,970
2876226,location,2026-06-20,878e8b6ac7e7c1a0be0ee0b351da46ee,1004
2876226,location,2026-06-21,7e10a667d80969a90d661bcb7f1fb24c,818
2876226,location,2026-06-22,0fac0f4ce3d2a8aaef70d94040f2c4c3,715
2876226,location,2026-06-23,d4c8f46fa04b29f758f040c022599a6c,872
2876226,location,2026-06-24,5b05c71c34f3a90dbb61fbe8114edfe2,978
2876226,location,2026-06-25,34d7b2a840ef68a7fa85011e23eef3c3,963
2876226,location,2026-06-26,e872f1a5804b8b44319ca88cc9ca327d,957
2876226,location,2026-06-27,98cf1b5c4920a538158557f3f6b7ea46,960
2876226,location,2026-06-28,b898e09ed4f6401b399de0c81d0856ec,980
2876226,location,2026-06-29,a8ab6a26f4d99877fd7f4c033c1f8543,935
2876226,location,2026-06-30,bd70732244bf59805baf3673ad2a3f01,983
2876226,location,2026-07-01,5c623d85e7580159cfebd6616faef8fb,975
2876226,location,2026-07-02,76227fc8626806b2631293a57bfa65b4,972
2876226,location,2026-07-03,5fff2068d690f2eb9afbb2279b504717,964
2876226,location,2026-07-04,c6975f810960b01bcc810a40f39961ae,965
2876226,location,2026-07-05,6885595473decbe7015432ea24c66059,944
2876226,location,2026-07-06,407282b156067c77ad669e7b7ed6d987,990
2876226,location,2026-07-07,1262105a05a5423d93623f93b1a9e982,971
2876226,location,2026-07-08,372c76c45ab7197bb144259306c767df,969
2876226,location,2026-07-09,43fa283c355603ad8e6bb892f428be8e,972
2876226,location,2026-07-10,c94809bb6972cbcdd951e289c8f6f42e,923
2876226,location,2026-07-11,2905778d6144df15a0c1f6af51692333,984
2876226,location,2026-07-12,c9eea199af9c8e9930f4838da4c72753,958
2876226,location,2026-07-13,8a6f7e8c77f3c1049b872ddcd0d7e98c,965
2876226,location,2026-07-14,b3bbbae5ce659c63b9cd86fada7fb328,981
2876226,location,2026-07-15,2747321c726e16f8c1897f8e5eb2cf99,978
2876226,location,2026-07-16,5240f8c8f0f2c97054b6a27b94a2ca88,934
2876226,location,2026-07-17,2f16284c6bf13ba344bb8d6bb3dc4111,950
2876226,location,2026-07-18,f6c962c6e878d8db1ce0eea778e456fe,973
2876226,location,2026-07-19,22bcea7b9a8da90370d155b227b72e08,968
2876226,location,2026-07-20,52b38f160f6dd8d79bce3d478973426d,886
2876226,location,2026-07-21,61343f98c5c216c7815f8e735572c521,961
2876226,location,2026-07-22,bdb1e1ce3abc39be16f2c3d9d81d60c1,964
2876226,location,2026-07-23,6e52b7b1bdb10284c9a1960f36829bea,965
2876226,location,2026-07-24,eae8cc73f36e57a60015430a4be78dd0,974
2876226,location,2026-07-25,e3c4aa2a8012c6e2dae600456b247e69,988
2876226,location,2026-07-26,237778199b0a4029fb003a7824d008b4,975
2876226,location,2026-07-27,e7f18655a41147f72b875c88ab378bc6,835
2876226,location,2026-07-28,13e3cbdb0e4af57b060406e83f7b662d,976
2876226,location,2026-07-29,b0e09657b7d69506f0605b46514b8580,982
2876226,location,2026-07-30,569bcae0ef190cd5da85840be8581f15,966
2876226,location,2026-07-31,5a816032e79d12be59cfe30f1a210874,981
2876226,location,2026-08-01,0cc9d52ffb8a4cc2bf47ba0fe29c238b,967
2876226,location,2026-08-02,76b3fd987beb63bfae60d4a6b37fb8f8,907
2876226,location,2026-08-03,1a6b7328a785cc1daad974cdf948f6f1,1001
2876226,location,2026-08-04,333f1254b693292163eb7b14fb498ab8,1002
2876226,location,2026-08-05,baaf4bdf7b1f403bed045a459bbd793b,986
2876226,location,2026-08-06,8d1a421893c7b86dbf9fe341c5870ad6,962
2876226,location,2026-08-07,14a9134970651bfa78341e829f97dba7,977
2876226,location,2026-08-08,bddb274cc1172d6959ebe0d77c837637,955
2876226,location,2026-08-09,eb1ea72c03169a1cf6d7836d92afaf1f,756
2876226,location,2026-08-10,298ed9476983dce590c8faafc2dbcfb2,892
2876226,location,2026-08-11,476cdec49f28c039ff63f384240303a4,976
2876226,location,2026-08-12,0d13c08466d2e93a27f2dd1c9273617c,983
2876226,location,2026-08-13,913c6108c2245eeb66b8b7bed78e8a23,967
2876226,location,2026-08-14,2e23f509d3d2d105353b32ebeb4fc294,838
2876226,location,2026-08-15,56f35867183d72b7da4bb7684e30a4de,1005
2876226,location,2026-08-16,1ca99c98b6ed52b1239a00be11ff1da0,981
2876226,location,2026-08-17,2609bff674156efafc37d2986e5ba85d,981
2876226,location,2026-08-18,4a5dc36506ecaff64cf30e6a3360be3d,975
2876226,location,2026-08-19,3220537c7276d99d5235865424121083,995
2876226,location,2026-08-20,a90c12c67c4add89c4013c75a0746d88,972
2876226,location,2026-08-21,d359986ebf1cba32ce04d26a79ad5188,982
2876226,location,2026-08-22,ef7f61463d6aaba384172f48cf172588,963
2876226,location,2026-08-23,2f2a91035cac1c75fcdbe58e788f263c,898
2876226,location,2026-08-24,b5d3739269f4c1a18dcc353550288ec8,980
2876226,location,2026-08-25,5eeae29a7c2eccea318281289db6aacd,993
2876226,location,2026-08-26,663bba00ca9d82f801165c4b3b20b523,1015
2876226,location,2026-08-27,08f6445fde54c954011235ba0d81a843,964
2876226,location,2026-08-28,e441a1fbb506812dff29f74700600acf,989
2876226,location,2026-08-29,0d81ef66686593bb61df79eb8f922dd4,962
2876226,location,2026-08-30,7cb9bf21ca486eea8b9c5d49b78457e2,738
2876226,location,2026-08-31,77ed171c0454766bea60b6f07d736323,987
2876226,location,2026-09-01,6da0b7e9d1ce5cc3513e7c8c00759f7e,979
2876226,location,2026-09-02,b2cd93fc13e26b511977b552b958a456,1007
2876226,location,2026-09-03,10000fccd6aa3c80ae20ca44577433c4,977
2876226,location,2026-09-04,24d4d58b33f0916c9f365e6a079b3ff7,977
2876226,location,2026-09-05,048b7b8436cc39fde0aa180b6026c819,967
2876226,location,2026-09-06,32291bd325853ea902d8b5286681ea56,719
2876226,location,2026-09-07,0212ff2f75c305074fe907e07fbdd341,998
2876226,location,2026-09-08,0f6f3465b023880a7f0437bcb01450db,999
2876226,location,2026-09-09,a6be156a07ec83e816619d54554d8f0a,970
2876226,location,2026-09-10,9919599e9e78a9019526233faa57836a,954
2876226,location,2026-09-11,b23072512f4c8fd63d0a6509dde8f5bf,969
2876226,location,2026-09-12,ab319a21051e4dccd31212f6c3b970b2,976
2876226,location,2026-09-13,f38a3c5cc3cc26e579a011d0e5974a5a,900
2876226,location,2026-09-14,1a855b448c12639ae7d8492e9158fe27,967
2876226,location,2026-09-15,0ed7e877dc840a799a04b534e92351ad,991
2876226,location,2026-09-16,5c2d044bb54f186500f27966bd80daf3,985
2876226,location,2026-09-17,8416ce448e612820edb164ae2d86e679,971
2876226,location,2026-09-18,faf42ec23ed709bd8a3693480fc78fda,975
2876226,location,2026-09-19,873803dd424a0caf2c5380b54520eb01,950
2876226,location,2026-09-20,3892d43fa076bfeba3bc0c79b01e9077,931
